Subject,Session,Lift_Label,Start_Time_Str,End_Time_Str,Raw_Time_Diff_ms,Transition_Start_ms,Transition_End_ms,Duration_ms
S03,test1a,2,11_38_09_527,11_38_13_231,3704,539.0,137.0,4106.0
S03,test1a,2,11_38_29_004,11_38_31_802,2798,359.0,254.0,2903.0
S03,test1a,1,11_38_46_724,11_38_48_959,2235,504.0,318.0,2421.0
S03,test1a,1,11_39_11_427,11_39_12_904,1477,192.0,294.0,1375.0
S03,test1a,1,11_40_04_356,11_40_07_129,2773,422.0,321.0,2874.0
S03,test1a,3,11_40_24_321,11_40_27_907,3586,533.0,261.0,3858.0
S03,test1a,3,11_40_43_375,11_40_46_740,3365,505.0,199.0,3671.0
S03,test1a,1,11_41_20_817,11_41_21_765,948,806.0,503.0,1251.0
S03,test1a,1,11_41_30_358,11_41_34_321,3963,187.0,412.0,3738.0
S03,test1a,2,11_41_43_692,11_41_47_261,3569,196.0,204.0,3561.0
S03,test1a,1,11_42_02_450,11_42_04_693,2243,372.0,406.0,2209.0
S03,test1a,3,11_42_17_973,11_42_20_289,2316,636.0,454.0,2498.0
S03,test1b,1,11_48_32_729,11_48_36_398,3669,559.0,210.0,4018.0
S03,test1b,2,11_48_50_781,11_48_54_477,3696,288.0,309.0,3675.0
S03,test1b,2,11_49_10_681,11_49_13_784,3103,641.0,134.0,3610.0
S03,test1b,2,11_50_21_945,11_50_25_640,3695,321.0,473.0,3543.0
S03,test1b,2,11_50_37_470,11_50_39_871,2401,508.0,205.0,2704.0
S03,test1b,2,11_50_56_589,11_51_00_000,3411,198.0,403.0,3206.0
S03,test1b,2,11_51_53_972,11_51_57_423,3451,236.0,520.0,3167.0
S03,test1b,2,11_52_12_071,11_52_16_040,3969,415.0,249.0,4135.0
S03,test1b,1,11_52_32_079,11_52_32_929,850,541.0,301.0,1090.0
S03,test1b,2,11_52_35_756,11_52_38_251,2495,488.0,306.0,2677.0
S03,test2a,2,11_54_32_826,11_54_41_687,8861,317.0,556.0,8622.0
S03,test2a,2,11_54_50_615,11_54_57_879,7264,527.0,258.0,7533.0
S03,test2a,3,11_55_05_186,11_55_10_490,5304,803.0,387.0,5720.0
S03,test2a,2,11_55_24_339,11_55_30_497,6158,550.0,390.0,6318.0
S03,test2a,2,11_55_38_071,11_55_46_410,8339,528.0,315.0,8552.0
S03,test2a,2,11_55_55_066,11_56_03_659,8593,575.0,214.0,8954.0
S03,test2b,2,12_00_17_087,12_00_26_082,8995,285.0,127.0,9153.0
S03,test2b,1,12_00_32_496,12_00_34_207,1711,137.0,330.0,1518.0
S03,test2b,1,12_00_37_189,12_00_43_707,6518,556.0,396.0,6678.0
S03,test2b,3,12_00_50_754,12_00_57_294,6540,650.0,244.0,6946.0
S03,test2b,3,12_01_08_842,12_01_13_863,5021,516.0,268.0,5269.0
S03,test2b,2,12_01_20_212,12_01_26_880,6668,250.0,411.0,6507.0
S03,test2b,2,12_01_35_371,12_01_43_981,8610,257.0,193.0,8674.0
S08,test1a,2,10_54_26_351,10_54_31_935,5584,623.0,408.0,5799.0
S08,test1a,3,10_54_45_823,10_54_49_693,3870,519.0,190.0,4199.0
S08,test1a,2,10_55_07_741,10_55_11_417,3676,548.0,348.0,3876.0
S08,test1a,2,10_55_31_230,10_55_32_980,1750,785.0,367.0,2168.0
S08,test1a,1,10_55_37_411,10_55_39_180,1769,700.0,509.0,1960.0
S08,test1a,3,10_56_15_472,10_56_20_106,4634,513.0,223.0,4924.0
S08,test1a,3,10_56_33_697,10_56_38_321,4624,399.0,363.0,4660.0
S08,test1a,3,10_56_53_907,10_56_57_966,4059,601.0,372.0,4288.0
S08,test1a,3,10_58_33_586,10_58_37_226,3640,549.0,282.0,3907.0
S08,test1a,2,10_58_51_123,10_58_54_128,3005,570.0,217.0,3358.0
S08,test1a,2,10_59_08_903,10_59_12_011,3108,573.0,224.0,3457.0
S08,test1b,3,11_02_46_927,11_02_52_913,5986,531.0,188.0,6329.0
S08,test1b,1,11_03_06_050,11_03_10_982,4932,554.0,348.0,5138.0
S08,test1b,2,11_03_24_816,11_03_29_455,4639,647.0,273.0,5013.0
S08,test1b,3,11_04_05_944,11_04_09_698,3754,535.0,344.0,3945.0
S08,test1b,3,11_04_23_378,11_04_27_094,3716,545.0,143.0,4118.0
S08,test1b,3,11_04_42_664,11_04_46_559,3895,502.0,199.0,4198.0
S08,test1b,1,11_05_07_904,11_05_08_900,996,558.0,596.0,958.0
S08,test1b,1,11_06_09_407,11_06_10_942,1535,592.0,623.0,1504.0
S08,test1b,1,11_06_18_806,11_06_20_688,1882,572.0,574.0,1880.0
S08,test1b,3,11_06_28_835,11_06_34_823,5988,642.0,541.0,6089.0
S08,test1b,3,11_06_47_024,11_06_52_377,5353,594.0,562.0,5385.0
S08,test1b,1,11_06_54_854,11_06_55_672,818,245.0,309.0,754.0
S08,test1b,1,11_07_06_174,11_07_11_465,5291,580.0,324.0,5547.0
S08,test2a,1,11_08_57_037,11_08_57_856,819,286.0,573.0,532.0
S08,test2a,3,11_09_00_600,11_09_07_556,6956,521.0,204.0,7273.0
S08,test2a,3,11_09_15_172,11_09_22_839,7667,528.0,527.0,7668.0
S08,test2a,1,11_09_23_346,11_09_23_858,512,211.0,206.0,517.0
S08,test2a,3,11_09_28_834,11_09_37_462,8628,535.0,356.0,8807.0
S08,test2a,1,11_09_52_648,11_09_53_652,1004,594.0,467.0,1131.0
S08,test2a,3,11_09_57_551,11_10_03_986,6435,798.0,574.0,6659.0
S08,test2a,2,11_10_07_878,11_10_14_941,7063,615.0,533.0,7145.0
S08,test2a,3,11_10_43_527,11_10_53_565,10038,546.0,530.0,10054.0
S08,test2b,2,11_13_18_427,11_13_25_241,6814,277.0,551.0,6540.0
S08,test2b,2,11_13_32_348,11_13_39_694,7346,545.0,276.0,7615.0
S08,test2b,1,11_13_40_601,11_13_41_114,513,187.0,238.0,462.0
S08,test2b,2,11_14_09_429,11_14_16_847,7418,507.0,286.0,7639.0
S08,test2b,2,11_14_23_959,11_14_32_489,8530,557.0,276.0,8811.0
S08,test2b,3,11_14_39_251,11_14_46_944,7693,295.0,207.0,7781.0
S10,test1a,2,14_55_14_934,14_55_20_070,5136,265.0,543.0,4858.0
S10,test1a,2,14_55_42_270,14_55_46_821,4551,519.0,196.0,4874.0
S10,test1a,2,14_56_02_197,14_56_03_369,1172,206.0,527.0,851.0
S10,test1a,2,14_57_10_141,14_57_10_856,715,510.0,464.0,761.0
S10,test1a,2,14_57_26_180,14_57_29_604,3424,563.0,532.0,3455.0
S10,test1a,2,14_57_42_451,14_57_46_081,3630,521.0,146.0,4005.0
S10,test1a,2,14_58_42_637,14_58_46_457,3820,504.0,409.0,3915.0
S10,test1a,2,14_58_57_694,14_59_01_660,3966,446.0,403.0,4009.0
S10,test1a,2,14_59_14_038,14_59_14_703,665,534.0,241.0,958.0
S10,test1b,1,15_01_52_619,15_01_54_277,1658,584.0,560.0,1682.0
S10,test1b,2,15_02_05_325,15_02_08_882,3557,349.0,393.0,3513.0
S10,test1b,2,15_02_21_002,15_02_23_828,2826,509.0,247.0,3088.0
S10,test1b,2,15_03_05_696,15_03_07_872,2176,635.0,280.0,2531.0
S10,test1b,2,15_03_21_586,15_03_24_582,2996,558.0,429.0,3125.0
S10,test1b,2,15_03_38_344,15_03_41_608,3264,368.0,253.0,3379.0
S10,test1b,2,15_04_18_642,15_04_21_360,2718,538.0,263.0,2993.0
S10,test1b,1,15_04_32_927,15_04_34_824,1897,607.0,566.0,1938.0
S10,test1b,2,15_04_48_382,15_04_51_685,3303,397.0,324.0,3376.0
S10,test2a,2,15_07_44_022,15_07_51_639,7617,533.0,218.0,7932.0
S10,test2a,2,15_08_01_067,15_08_07_212,6145,518.0,266.0,6397.0
S10,test2a,2,15_08_21_162,15_08_28_899,7737,566.0,427.0,7876.0
S10,test2a,2,15_08_36_257,15_08_43_452,7195,359.0,206.0,7348.0
S10,test2a,1,15_08_50_301,15_08_55_428,5127,553.0,471.0,5209.0
S10,test2b,2,15_10_24_210,15_10_31_402,7192,392.0,284.0,7300.0
S10,test2b,2,15_10_39_273,15_10_41_865,2592,546.0,407.0,2731.0
S10,test2b,1,15_10_43_051,15_10_43_428,377,545.0,207.0,715.0
S10,test2b,1,15_10_44_658,15_10_45_368,710,528.0,205.0,1033.0
S10,test2b,2,15_10_52_402,15_11_00_311,7909,608.0,514.0,8003.0
S10,test2b,2,15_11_13_438,15_11_14_425,987,561.0,567.0,981.0
S10,test2b,1,15_11_15_068,15_11_19_293,4225,228.0,354.0,4099.0
S10,test2b,2,15_11_27_359,15_11_32_663,5304,339.0,209.0,5434.0
S10,test2b,2,15_11_41_932,15_11_48_782,6850,511.0,356.0,7005.0
S12,test1a,2,11_37_14_677,11_37_17_571,2894,534.0,271.0,3157.0
S12,test1a,2,11_37_38_773,11_37_42_149,3376,515.0,199.0,3692.0
S12,test1a,2,11_38_01_872,11_38_04_954,3082,468.0,148.0,3402.0
S12,test1a,1,11_38_06_353,11_38_07_275,922,154.0,259.0,817.0
S12,test1a,2,11_39_10_637,11_39_14_361,3724,491.0,479.0,3736.0
S12,test1a,1,11_39_29_818,11_39_32_733,2915,553.0,560.0,2908.0
S12,test1a,2,11_39_52_177,11_39_55_973,3796,411.0,399.0,3808.0
S12,test1a,1,11_39_57_324,11_39_57_910,586,343.0,217.0,712.0
S12,test1a,1,11_40_09_490,11_40_11_099,1609,604.0,598.0,1615.0
S12,test1a,1,11_40_13_240,11_40_14_563,1323,537.0,606.0,1254.0
S12,test1a,1,11_40_16_921,11_40_17_692,771,577.0,591.0,757.0
S12,test1a,1,11_40_18_564,11_40_22_095,3531,461.0,599.0,3393.0
S12,test1a,2,11_40_47_052,11_40_51_216,4164,614.0,554.0,4224.0
S12,test1a,2,11_41_05_112,11_41_08_188,3076,517.0,229.0,3364.0
S12,test1a,2,11_41_27_172,11_41_29_809,2637,506.0,183.0,2960.0
S12,test1b,2,11_44_41_100,11_44_44_380,3280,537.0,197.0,3620.0
S12,test1b,2,11_45_00_375,11_45_03_667,3292,332.0,398.0,3226.0
S12,test1b,2,11_45_22_683,11_45_25_986,3303,526.0,565.0,3264.0
S12,test1b,2,11_46_20_541,11_46_24_154,3613,547.0,458.0,3702.0
S12,test1b,2,11_46_39_656,11_46_42_732,3076,471.0,213.0,3334.0
S12,test1b,1,11_46_59_801,11_47_02_717,2916,557.0,148.0,3325.0
S12,test1b,2,11_47_42_508,11_47_46_273,3765,357.0,136.0,3986.0
S12,test1b,2,11_48_01_835,11_48_04_838,3003,537.0,359.0,3181.0
S12,test1b,2,11_48_24_364,11_48_27_763,3399,580.0,216.0,3763.0
S12,test2a,2,11_51_02_150,11_51_09_667,7517,509.0,413.0,7613.0
S12,test2a,2,11_51_15_791,11_51_23_321,7530,510.0,389.0,7651.0
S12,test2a,3,11_51_29_507,11_51_37_148,7641,557.0,333.0,7865.0
S12,test2a,2,11_51_52_087,11_51_59_218,7131,467.0,394.0,7204.0
S12,test2a,3,11_52_06_082,11_52_13_594,7512,523.0,399.0,7636.0
S12,test2a,2,11_52_22_629,11_52_29_969,7340,679.0,558.0,7461.0
S12,test2b,2,11_56_01_028,11_56_06_973,5945,288.0,328.0,5905.0
S12,test2b,2,11_56_33_540,11_56_40_294,6754,520.0,207.0,7067.0
S12,test2b,3,11_56_57_856,11_57_05_478,7622,521.0,564.0,7579.0
S12,test2b,3,11_57_11_990,11_57_19_277,7287,541.0,349.0,7479.0
S12,test2b,2,11_57_28_180,11_57_34_291,6111,347.0,184.0,6274.0
S13,test1a,2,18_03_14_560,18_03_18_329,3769,518.0,294.0,3993.0
S13,test1a,3,18_03_34_995,18_03_40_419,5424,546.0,394.0,5576.0
S13,test1a,2,18_03_58_498,18_04_02_127,3629,532.0,493.0,3668.0
S13,test1a,1,18_04_57_791,18_04_58_740,949,558.0,550.0,957.0
S13,test1a,2,18_05_09_124,18_05_13_312,4188,435.0,530.0,4093.0
S13,test1a,2,18_05_26_532,18_05_29_398,2866,414.0,273.0,3007.0
S13,test1a,2,18_05_47_237,18_05_50_804,3567,547.0,206.0,3908.0
S13,test1a,1,18_06_19_217,18_06_21_242,2025,268.0,375.0,1918.0
S13,test1a,2,18_06_34_016,18_06_36_853,2837,575.0,220.0,3192.0
S13,test1a,2,18_06_51_624,18_06_55_308,3684,441.0,570.0,3555.0
S13,test1a,2,18_07_13_634,18_07_16_133,2499,374.0,226.0,2647.0
S13,test1b,2,18_10_40_634,18_10_44_527,3893,703.0,310.0,4286.0
S13,test1b,2,18_10_59_669,18_11_03_081,3412,528.0,123.0,3817.0
S13,test1b,1,18_11_22_042,18_11_25_449,3407,265.0,293.0,3379.0
S13,test1b,2,18_12_10_266,18_12_14_743,4477,473.0,479.0,4471.0
S13,test1b,1,18_12_17_435,18_12_18_618,1183,457.0,554.0,1086.0
S13,test1b,1,18_12_19_339,18_12_20_073,734,218.0,233.0,719.0
S13,test1b,2,18_12_28_016,18_12_31_386,3370,221.0,402.0,3189.0
S13,test1b,2,18_12_47_752,18_12_51_571,3819,391.0,253.0,3957.0
S13,test1b,2,18_13_52_568,18_13_56_996,4428,286.0,544.0,4170.0
S13,test1b,1,18_14_13_301,18_14_13_695,394,524.0,281.0,637.0
S13,test1b,2,18_14_14_598,18_14_17_977,3379,529.0,496.0,3412.0
S13,test1b,2,18_14_38_464,18_14_42_834,4370,234.0,522.0,4082.0
S13,test2a,2,18_16_56_715,18_17_04_941,8226,432.0,265.0,8393.0
S13,test2a,2,18_17_12_527,18_17_20_344,7817,481.0,214.0,8084.0
S13,test2a,1,18_17_28_680,18_17_38_295,9615,331.0,518.0,9428.0
S13,test2a,2,18_18_01_490,18_18_09_169,7679,621.0,489.0,7811.0
S13,test2a,2,18_18_17_479,18_18_26_899,9420,548.0,469.0,9499.0
S13,test2a,2,18_18_35_005,18_18_41_928,6923,525.0,562.0,6886.0
S13,test2b,2,18_20_59_655,18_21_09_086,9431,485.0,143.0,9773.0
S13,test2b,1,18_21_15_071,18_21_27_423,12352,527.0,519.0,12360.0
S13,test2b,2,18_21_36_995,18_21_45_855,8860,336.0,478.0,8718.0
S13,test2b,1,18_21_57_781,18_22_08_003,10222,231.0,428.0,10025.0
S13,test2b,2,18_22_17_484,18_22_27_429,9945,564.0,225.0,10284.0
S13,test2b,2,18_22_37_132,18_22_47_535,10403,443.0,207.0,10639.0
S15,test1a,2,10_51_40_024,10_51_46_619,6595,334.0,345.0,6584.0
S15,test1a,1,10_52_02_328,10_52_08_201,5873,535.0,359.0,6049.0
S15,test1a,2,10_52_24_707,10_52_31_434,6727,515.0,311.0,6931.0
S15,test1a,1,10_52_45_785,10_52_46_942,1157,247.0,359.0,1045.0
S15,test1a,2,10_53_34_264,10_53_41_357,7093,527.0,538.0,7082.0
S15,test1a,2,10_53_58_065,10_54_04_324,6259,388.0,217.0,6430.0
S15,test1a,1,10_54_21_325,10_54_27_213,5888,480.0,475.0,5893.0
S15,test1a,2,10_54_35_194,10_54_37_797,2603,588.0,566.0,2625.0
S15,test1a,1,10_55_09_409,10_55_14_743,5334,551.0,245.0,5640.0
S15,test1a,2,10_55_29_649,10_55_36_797,7148,506.0,575.0,7079.0
S15,test1a,2,10_55_54_277,10_56_00_800,6523,565.0,370.0,6718.0
S15,test1a,1,10_56_09_616,10_56_10_719,1103,602.0,529.0,1176.0
S15,test1b,2,10_43_47_977,10_43_55_000,7023,458.0,378.0,7103.0
S15,test1b,2,10_44_15_929,10_44_23_931,8002,388.0,297.0,8093.0
S15,test1b,1,10_45_57_403,10_45_57_881,478,219.0,318.0,379.0
S15,test1b,2,10_46_08_446,10_46_15_294,6848,516.0,518.0,6846.0
S15,test1b,2,10_46_33_871,10_46_40_168,6297,562.0,284.0,6575.0
S15,test1b,1,10_47_00_900,10_47_07_435,6535,513.0,358.0,6690.0
S15,test1b,1,10_47_25_508,10_47_29_251,3743,596.0,296.0,4043.0
S15,test1b,1,10_47_37_314,10_47_38_074,760,576.0,478.0,858.0
S15,test1b,2,10_48_03_842,10_48_10_406,6564,361.0,477.0,6448.0
S15,test1b,2,10_48_27_344,10_48_33_038,5694,541.0,234.0,6001.0
S15,test1b,3,10_48_52_509,10_49_00_068,7559,461.0,235.0,7785.0
S15,test2a,2,11_04_23_876,11_04_30_947,7071,572.0,297.0,7346.0
S15,test2a,1,11_04_36_710,11_04_44_674,7964,399.0,513.0,7850.0
S15,test2a,2,11_04_50_025,11_04_57_938,7913,505.0,268.0,8150.0
S15,test2a,3,11_05_10_690,11_05_16_467,5777,521.0,415.0,5883.0
S15,test2a,1,11_05_21_683,11_05_28_545,6862,473.0,306.0,7029.0
S15,test2a,1,11_05_36_181,11_05_44_009,7828,762.0,411.0,8179.0
S15,test2b,2,11_01_00_505,11_01_07_803,7298,598.0,507.0,7389.0
S15,test2b,2,11_01_12_823,11_01_20_654,7831,530.0,569.0,7792.0
S15,test2b,3,11_01_27_142,11_01_34_153,7011,558.0,382.0,7187.0
S15,test2b,3,11_01_49_384,11_01_55_919,6535,373.0,260.0,6648.0
S15,test2b,2,11_02_02_184,11_02_09_224,7040,873.0,199.0,7714.0
S15,test2b,1,11_02_16_583,11_02_24_358,7775,544.0,631.0,7688.0
S15,test2b,1,11_02_33_779,11_02_34_327,548,476.0,259.0,765.0
S16,test1a,1,11_43_24_451,11_43_29_295,4844,563.0,530.0,4877.0
S16,test1a,3,11_43_45_896,11_43_52_937,7041,537.0,330.0,7248.0
S16,test1a,2,11_44_07_625,11_44_12_999,5374,552.0,271.0,5655.0
S16,test1a,2,11_45_25_470,11_45_29_921,4451,513.0,485.0,4479.0
S16,test1a,3,11_45_41_744,11_45_46_895,5151,588.0,345.0,5394.0
S16,test1a,2,11_45_58_779,11_46_01_195,2416,634.0,187.0,2863.0
S16,test1a,1,11_47_29_733,11_47_32_304,2571,679.0,237.0,3013.0
S16,test1a,2,11_47_46_544,11_47_51_924,5380,708.0,569.0,5519.0
S16,test1a,2,11_48_08_099,11_48_12_401,4302,625.0,270.0,4657.0
S16,test1b,1,11_53_27_130,11_53_29_522,2392,561.0,283.0,2670.0
S16,test1b,2,11_53_43_224,11_53_46_853,3629,612.0,292.0,3949.0
S16,test1b,2,11_54_00_340,11_54_04_261,3921,551.0,177.0,4295.0
S16,test1b,2,11_54_48_904,11_54_53_011,4107,226.0,505.0,3828.0
S16,test1b,2,11_55_07_386,11_55_10_189,2803,532.0,293.0,3042.0
S16,test1b,1,11_55_29_500,11_55_31_030,1530,544.0,443.0,1631.0
S16,test1b,2,11_56_24_310,11_56_30_440,6130,535.0,561.0,6104.0
S16,test1b,2,11_56_44_195,11_56_46_349,2154,545.0,199.0,2500.0
S16,test1b,2,11_57_05_358,11_57_10_434,5076,217.0,430.0,4863.0
S16,test2a,2,11_58_49_882,11_58_55_616,5734,290.0,183.0,5841.0
S16,test2a,2,11_59_02_348,11_59_08_150,5802,246.0,550.0,5498.0
S16,test2a,1,11_59_14_174,11_59_18_191,4017,678.0,247.0,4448.0
S16,test2a,1,11_59_28_895,11_59_32_685,3790,563.0,291.0,4062.0
S16,test2a,2,11_59_39_834,11_59_45_869,6035,350.0,394.0,5991.0
S16,test2a,2,11_59_50_656,11_59_56_724,6068,218.0,345.0,5941.0
S16,test2b,2,12_01_47_268,12_01_54_146,6878,444.0,551.0,6771.0
S16,test2b,1,12_02_00_092,12_02_02_452,2360,585.0,272.0,2673.0
S16,test2b,2,12_02_09_390,12_02_14_764,5374,515.0,476.0,5413.0
S16,test2b,2,12_02_32_771,12_02_38_609,5838,530.0,561.0,5807.0
S16,test2b,1,12_02_45_798,12_02_47_673,1875,202.0,118.0,1959.0
S16,test2b,2,12_02_53_038,12_02_58_780,5742,560.0,323.0,5979.0
S17,test1a,2,14_16_09_210,14_16_13_967,4757,537.0,537.0,4757.0
S17,test1a,2,14_16_27_140,14_16_32_258,5118,345.0,524.0,4939.0
S17,test1a,2,14_16_46_575,14_16_47_326,751,513.0,568.0,696.0
S17,test1a,2,14_17_53_239,14_17_58_086,4847,537.0,537.0,4847.0
S17,test1a,2,14_18_44_170,14_18_48_271,4101,564.0,462.0,4203.0
S17,test1a,2,14_20_01_303,14_20_05_321,4018,540.0,190.0,4368.0
S17,test1a,1,14_20_35_785,14_20_37_636,1851,544.0,548.0,1847.0
S17,test1a,1,14_20_39_135,14_20_39_663,528,561.0,419.0,670.0
S17,test1b,1,14_24_40_767,14_24_44_394,3627,510.0,296.0,3841.0
S17,test1b,2,14_25_00_278,14_25_06_080,5802,551.0,527.0,5826.0
S17,test1b,2,14_25_10_538,14_25_11_641,1103,564.0,566.0,1101.0
S17,test1b,2,14_25_22_100,14_25_27_650,5550,541.0,528.0,5563.0
S17,test1b,1,14_25_34_964,14_25_38_567,3603,202.0,197.0,3608.0
S17,test1b,2,14_26_10_484,14_26_16_907,6423,606.0,509.0,6520.0
S17,test1b,3,14_26_21_836,14_26_22_570,734,863.0,578.0,1019.0
S17,test1b,2,14_26_27_712,14_26_31_874,4162,553.0,401.0,4314.0
S17,test1b,2,14_26_47_242,14_26_52_310,5068,473.0,221.0,5320.0
S17,test1b,2,14_27_34_627,14_27_39_468,4841,509.0,340.0,5010.0
S17,test1b,2,14_27_51_693,14_27_57_075,5382,462.0,473.0,5371.0
S17,test1b,1,14_28_05_755,14_28_06_731,976,521.0,401.0,1096.0
S17,test2a,2,14_30_56_653,14_30_58_250,1597,527.0,365.0,1759.0
S17,test2a,3,14_31_00_208,14_31_00_666,458,626.0,256.0,828.0
S17,test2a,2,14_31_06_156,14_31_13_407,7251,566.0,240.0,7577.0
S17,test2a,2,14_31_20_961,14_31_29_281,8320,529.0,291.0,8558.0
S17,test2a,2,14_32_01_370,14_32_07_224,5854,520.0,279.0,6095.0
S17,test2a,2,14_32_13_217,14_32_18_008,4791,516.0,526.0,4781.0
S17,test2a,2,14_32_25_884,14_32_33_022,7138,545.0,515.0,7168.0
S17,test2b,3,14_34_11_039,14_34_16_851,5812,688.0,292.0,6208.0
S17,test2b,2,14_34_24_983,14_34_32_407,7424,604.0,572.0,7456.0
S17,test2b,3,14_34_34_892,14_34_36_011,1119,518.0,202.0,1435.0
S17,test2b,1,14_34_38_880,14_34_43_031,4151,520.0,127.0,4544.0
S17,test2b,2,14_34_53_799,14_34_59_329,5530,469.0,297.0,5702.0
S17,test2b,2,14_35_06_836,14_35_12_896,6060,523.0,360.0,6223.0
S17,test2b,2,14_35_21_668,14_35_25_766,4098,571.0,209.0,4460.0
S18,test1a,2,16_14_07_275,16_14_13_326,6051,555.0,226.0,6380.0
S18,test1a,2,16_14_34_345,16_14_41_321,6976,515.0,482.0,7009.0
S18,test1a,2,16_15_04_615,16_15_11_267,6652,538.0,540.0,6650.0
S18,test1a,1,16_15_38_194,16_15_41_492,3298,586.0,212.0,3672.0
S18,test1a,1,16_15_42_954,16_15_46_472,3518,570.0,564.0,3524.0
S18,test1a,2,16_15_50_603,16_15_58_185,7582,586.0,351.0,7817.0
S18,test1a,2,16_16_19_703,16_16_28_403,8700,285.0,227.0,8758.0
S18,test1a,2,16_16_47_133,16_16_48_713,1580,384.0,209.0,1755.0
S18,test1a,2,16_16_49_616,16_16_50_950,1334,574.0,142.0,1766.0
S18,test1a,2,16_17_11_569,16_17_17_186,5617,543.0,420.0,5740.0
S18,test1b,2,16_23_28_916,16_23_35_272,6356,448.0,232.0,6572.0
S18,test1b,1,16_23_50_761,16_23_52_516,1755,560.0,273.0,2042.0
S18,test1b,2,16_24_13_266,16_24_19_153,5887,519.0,281.0,6125.0
S18,test1b,2,16_25_06_578,16_25_12_623,6045,314.0,562.0,5797.0
S18,test1b,2,16_25_29_142,16_25_33_267,4125,552.0,379.0,4298.0
S18,test1b,2,16_25_51_816,16_25_55_537,3721,548.0,266.0,4003.0
S18,test1b,2,16_26_33_325,16_26_38_678,5353,589.0,427.0,5515.0
S18,test1b,2,16_26_55_559,16_27_02_645,7086,326.0,215.0,7197.0
S18,test1b,2,16_27_22_965,16_27_25_687,2722,390.0,562.0,2550.0
S18,test2a,2,16_29_30_489,16_29_35_471,4982,554.0,550.0,4986.0
S18,test2a,2,16_30_05_723,16_30_09_755,4032,558.0,275.0,4315.0
S18,test2a,1,16_30_19_541,16_30_20_254,713,525.0,590.0,648.0
S18,test2a,2,16_30_33_316,16_30_37_457,4141,286.0,261.0,4166.0
S18,test2a,1,16_30_44_062,16_30_48_777,4715,442.0,287.0,4870.0
S18,test2a,2,16_30_56_745,16_30_59_030,2285,580.0,299.0,2566.0
S18,test2b,1,16_33_19_303,16_33_21_918,2615,553.0,344.0,2824.0
S18,test2b,2,16_33_29_737,16_33_34_726,4989,543.0,418.0,5114.0
S18,test2b,2,16_34_14_204,16_34_16_855,2651,515.0,593.0,2573.0
S18,test2b,1,16_34_24_764,16_34_27_851,3087,525.0,435.0,3177.0
S19,test1a,1,17_05_16_780,17_05_19_961,3181,564.0,489.0,3256.0
S19,test1a,2,17_05_34_913,17_05_39_246,4333,484.0,218.0,4599.0
S19,test1a,2,17_05_58_257,17_06_01_592,3335,569.0,154.0,3750.0
S19,test1a,2,17_06_59_479,17_07_03_380,3901,427.0,224.0,4104.0
S19,test1a,2,17_07_17_034,17_07_20_695,3661,359.0,387.0,3633.0
S19,test1a,1,17_07_38_853,17_07_42_099,3246,520.0,205.0,3561.0
S19,test1a,1,17_08_45_522,17_08_49_654,4132,554.0,354.0,4332.0
S19,test1a,2,17_09_07_245,17_09_11_333,4088,510.0,153.0,4445.0
S19,test1a,2,17_09_28_587,17_09_33_241,4654,522.0,452.0,4724.0
S19,test1b,2,17_14_41_144,17_14_45_078,3934,560.0,260.0,4234.0
S19,test1b,2,17_14_58_619,17_15_02_936,4317,537.0,539.0,4315.0
S19,test1b,1,17_15_18_787,17_15_21_829,3042,523.0,322.0,3243.0
S19,test1b,2,17_24_30_661,17_24_33_703,3042,544.0,190.0,3396.0
S19,test1b,2,17_24_47_817,17_24_51_647,3830,542.0,259.0,4113.0
S19,test1b,3,17_25_08_102,17_25_12_816,4714,566.0,220.0,5060.0
S19,test1b,2,17_25_46_835,17_25_47_591,756,538.0,231.0,1063.0
S19,test1b,2,17_26_00_938,17_26_04_945,4007,601.0,546.0,4062.0
S19,test1b,1,17_26_17_476,17_26_20_342,2866,530.0,193.0,3203.0
S19,test1b,3,17_26_36_197,17_26_40_487,4290,521.0,429.0,4382.0
S19,test2a,2,17_29_00_914,17_29_05_698,4784,513.0,179.0,5118.0
S19,test2a,2,17_29_10_805,17_29_16_636,5831,557.0,130.0,6258.0
S19,test2a,2,17_29_21_160,17_29_27_890,6730,548.0,385.0,6893.0
S19,test2a,2,17_29_40_292,17_29_46_289,5997,506.0,291.0,6212.0
S19,test2b,2,17_32_07_178,17_32_13_531,6353,316.0,340.0,6329.0
S19,test2b,2,17_32_19_065,17_32_25_747,6682,440.0,549.0,6573.0
S19,test2b,1,17_32_31_031,17_32_33_953,2922,112.0,522.0,2512.0
S19,test2b,2,17_32_45_226,17_32_50_612,5386,487.0,275.0,5598.0
S19,test2b,2,17_32_56_024,17_33_02_005,5981,518.0,406.0,6093.0
S19,test2b,1,17_33_05_537,17_33_09_675,4138,540.0,488.0,4190.0
S20,test1a,2,10_50_52_212,10_50_54_401,2189,555.0,506.0,2238.0
S20,test1a,2,10_51_13_716,10_51_17_439,3723,571.0,259.0,4035.0
S20,test1a,2,10_51_36_330,10_51_40_101,3771,522.0,134.0,4159.0
S20,test1a,2,10_52_50_440,10_52_55_304,4864,523.0,401.0,4986.0
S20,test1a,2,10_53_09_112,10_53_11_568,2456,526.0,546.0,2436.0
S20,test1a,2,10_53_29_742,10_53_32_333,2591,539.0,195.0,2935.0
S20,test1a,1,10_54_46_856,10_54_47_898,1042,538.0,420.0,1160.0
S20,test1a,2,10_55_06_188,10_55_09_949,3761,338.0,277.0,3822.0
S20,test1a,2,10_55_26_287,10_55_29_059,2772,523.0,502.0,2793.0
S20,test1b,2,10_57_34_659,10_57_35_852,1193,644.0,221.0,1616.0
S20,test1b,2,10_57_53_892,10_57_57_528,3636,175.0,550.0,3261.0
S20,test1b,2,10_58_11_546,10_58_14_620,3074,322.0,181.0,3215.0
S20,test1b,1,10_59_08_269,10_59_09_452,1183,935.0,268.0,1850.0
S20,test1b,2,10_59_26_442,10_59_29_011,2569,563.0,345.0,2787.0
S20,test1b,2,10_59_44_878,10_59_48_658,3780,366.0,423.0,3723.0
S20,test1b,2,11_00_39_556,11_00_42_862,3306,317.0,525.0,3098.0
S20,test1b,2,11_01_01_739,11_01_04_653,2914,252.0,519.0,2647.0
S20,test1b,1,11_01_22_450,11_01_23_699,1249,598.0,223.0,1624.0
S20,test2a,2,11_04_05_953,11_04_13_077,7124,539.0,523.0,7140.0
S20,test2a,1,11_04_21_868,11_04_31_167,9299,559.0,177.0,9681.0
S20,test2a,2,11_04_39_002,11_04_48_262,9260,549.0,386.0,9423.0
S20,test2a,2,11_04_59_237,11_05_07_294,8057,501.0,363.0,8195.0
S20,test2a,2,11_05_15_525,11_05_24_317,8792,453.0,398.0,8847.0
S20,test2b,2,11_09_17_547,11_09_25_389,7842,183.0,276.0,7749.0
S20,test2b,2,11_09_34_649,11_09_42_338,7689,537.0,196.0,8030.0
S20,test2b,3,11_09_50_472,11_09_55_799,5327,532.0,213.0,5646.0
S20,test2b,3,11_10_14_036,11_10_19_548,5512,568.0,426.0,5654.0
S20,test2b,3,11_10_27_049,11_10_34_114,7065,254.0,215.0,7104.0
S20,test2b,1,11_10_41_429,11_10_47_237,5808,728.0,435.0,6101.0
S21,test1a,1,13_09_04_607,13_09_06_742,2135,538.0,439.0,2234.0
S21,test1a,2,13_09_27_531,13_09_30_990,3459,485.0,306.0,3638.0
S21,test1a,2,13_09_46_445,13_09_50_921,4476,471.0,409.0,4538.0
S21,test1a,2,13_11_07_151,13_11_10_613,3462,273.0,325.0,3410.0
S21,test1a,2,13_11_23_949,13_11_27_528,3579,387.0,205.0,3761.0
S21,test1a,1,13_11_42_523,13_11_45_546,3023,562.0,494.0,3091.0
S21,test1a,2,13_12_35_061,13_12_39_311,4250,541.0,595.0,4196.0
S21,test1a,2,13_12_54_194,13_12_57_651,3457,526.0,582.0,3401.0
S21,test1a,2,13_13_12_028,13_13_15_333,3305,438.0,316.0,3427.0
S21,test1b,2,13_16_55_742,13_17_00_563,4821,490.0,139.0,5172.0
S21,test1b,1,13_17_14_730,13_17_18_021,3291,529.0,417.0,3403.0
S21,test1b,2,13_17_33_077,13_17_37_528,4451,561.0,196.0,4816.0
S21,test1b,2,13_18_27_733,13_18_31_065,3332,462.0,225.0,3569.0
S21,test1b,2,13_18_43_932,13_18_48_825,4893,230.0,507.0,4616.0
S21,test1b,2,13_19_04_817,13_19_07_931,3114,554.0,525.0,3143.0
S21,test1b,2,13_19_42_123,13_19_45_500,3377,558.0,366.0,3569.0
S21,test1b,2,13_19_59_291,13_20_02_777,3486,532.0,420.0,3598.0
S21,test1b,2,13_20_17_462,13_20_21_015,3553,468.0,510.0,3511.0
S21,test2a,2,13_22_03_781,13_22_10_302,6521,412.0,529.0,6404.0
S21,test2a,2,13_22_17_320,13_22_23_883,6563,523.0,337.0,6749.0
S21,test2a,2,13_22_30_387,13_22_35_032,4645,560.0,272.0,4933.0
S21,test2a,1,13_22_54_302,13_23_00_431,6129,605.0,570.0,6164.0
S21,test2a,2,13_23_06_645,13_23_13_489,6844,570.0,545.0,6869.0
S21,test2a,3,13_23_18_407,13_23_25_554,7147,555.0,172.0,7530.0
S21,test2b,2,13_26_21_841,13_26_28_295,6454,701.0,308.0,6847.0
S21,test2b,2,13_26_36_204,13_26_43_020,6816,296.0,485.0,6627.0
S21,test2b,2,13_26_50_303,13_26_56_282,5979,342.0,208.0,6113.0
S21,test2b,2,13_27_10_547,13_27_16_769,6222,380.0,338.0,6264.0
S21,test2b,2,13_27_38_433,13_27_43_959,5526,563.0,233.0,5856.0
