0,-1,-2,0,0,2,-5,-7,-2
0,-23,-3,-1,1,1,10,-14,-12
1,-2,-1,-2,-1,-3,0,1,2
1,13,1,-1,0,0,-10,10,5
1,8,0,0,0,-2,-5,2,3
1,-17,-1,-3,-1,-1,8,-12,-8
6,-5,-2,-1,-1,-1,4,-5,-6
6,15,0,0,-1,-2,-7,11,6
9,-1,-2,1,0,-2,-5,-4,-1
9,-14,-2,-1,-1,0,8,-11,-7
19,-5,-1,1,-3,-3,-2,-1,-7
19,12,-2,-4,-2,-2,-6,6,7
28,-1,-1,-1,-2,-1,-7,-3,3
28,-11,-2,-1,-2,-1,6,-8,-5
42,-6,-2,-3,-1,-1,4,-1,-5
42,8,-2,-1,-2,-2,-9,4,2
53,2,0,1,0,-1,-3,0,1
53,-13,0,-7,-2,-2,0,-8,-8
65,0,-1,2,-1,-2,2,5,2
65,10,0,1,0,0,-6,4,4
101,-9,-4,-4,-3,-2,6,-1,-5
101,21,0,1,1,-2,-9,13,7
110,7,1,-1,-1,0,-8,-1,4
110,-19,-1,0,-1,1,8,-16,-9
111,-6,-2,-6,-1,0,5,-5,-6
111,11,-2,-5,-1,-2,-5,9,4
112,9,-1,1,1,-2,-6,4,2
112,-19,-1,0,-3,-2,5,-15,-5
124,-8,-3,-2,-1,0,4,-4,-3
124,7,0,-2,-2,-1,-3,6,2
125,9,0,0,-1,-1,-5,4,3
125,-15,-1,-3,-1,-2,5,-13,-8
131,-8,-1,1,-1,-1,6,0,-6
131,10,0,1,0,0,-7,8,6
146,1,0,0,-1,-1,-3,-3,1
146,-10,-1,1,-1,-1,4,-7,-4
153,-3,0,0,-2,0,1,1,-3
153,9,-1,0,-2,-3,-6,3,4
177,0,-1,-1,0,0,-2,0,1
177,-9,-1,-1,0,-1,4,-11,-5
183,-2,-1,-2,-1,-1,-1,0,-3
183,4,0,-5,0,0,-3,5,-1
192,-4,-2,-3,-1,-1,-3,0,-1
192,-5,2,-2,-2,-1,3,-2,-3
193,-3,-3,-3,0,-2,-1,-1,-2
193,3,2,0,1,2,1,6,0
215,0,-2,-1,0,-1,-5,0,0
215,-8,-2,-2,-2,0,-1,-5,-4
216,-4,0,-2,-1,-3,-1,0,0
216,-1,-1,-1,-1,-3,-1,1,1
228,5,1,4,2,-1,-1,3,1
228,-4,-1,-3,-2,0,0,-2,0
237,4,0,1,-1,2,2,0,2
237,2,-2,1,1,-3,-2,2,0
252,-1,-1,-1,-1,-2,-3,-3,-1
252,-3,-2,-3,-2,-2,-1,-3,-4
253,2,0,8,0,0,-1,1,2
253,1,-1,1,-3,-1,-5,0,-2
274,1,-1,-3,-3,0,1,1,1
274,-3,-2,0,1,0,1,-3,-4
276,-1,0,-3,-2,0,-2,-2,-2
276,-2,-1,-3,0,-2,-1,-3,0
288,0,-2,4,0,-1,-1,-2,0
288,0,-2,-4,-1,0,0,-1,-2
297,-3,0,-3,0,0,0,0,-1
297,1,-3,-1,-1,0,-6,1,-1
312,2,1,-2,-3,-1,-1,1,4
312,-1,-1,0,-1,-1,1,-1,-3
313,-4,-1,-2,-1,-2,-1,-2,-3
313,1,0,1,-3,-1,-1,1,0
334,-2,0,0,-1,0,0,-3,-2
334,-4,-4,-5,-2,-2,0,2,-2
336,-2,0,-5,0,-1,0,1,-1
336,-4,-4,-2,-2,-2,-1,-4,-3
348,2,2,3,-1,0,-1,0,-2
348,0,1,-6,0,-2,0,-1,0
357,2,-2,-1,-2,0,-1,0,3
357,1,2,1,0,0,-1,0,4
372,-5,0,-3,-2,-1,-2,-7,-3
372,-3,-3,1,-1,-1,0,-1,-3
373,-1,1,-3,-1,-2,-2,-4,-3
373,0,-7,5,1,-1,-1,-1,-2
393,0,7,0,1,-1,0,-1,-3
393,0,-2,-1,1,-4,2,0,3
402,-2,-6,-1,0,-1,-2,-3,-2
402,1,5,-9,-1,0,0,-2,3
408,-1,-3,-5,-1,-3,-1,-3,-3
408,3,1,5,-1,-1,-1,0,1
418,-2,0,0,0,0,0,-1,0
418,-3,-4,-1,-1,-2,-2,0,2
433,-4,0,-2,-1,-1,-2,-2,0
433,-3,0,-1,-1,-2,0,-2,-3
434,2,-2,0,-1,-4,-1,3,0
434,-2,2,0,-2,-2,-1,-4,-5
455,-6,-10,-5,-2,0,-1,-3,-1
455,4,6,9,2,-1,-3,0,3
457,-3,1,0,-3,-1,0,-1,-5
457,3,1,0,1,0,-1,-3,0
477,-2,0,-3,0,0,2,-3,2
477,-1,-6,-4,-2,0,1,-2,-2
479,1,1,0,-2,0,-1,0,-1
479,-1,2,-2,-3,-3,-1,-3,-3
492,-4,-3,-5,-1,-4,-3,-4,-2
492,-4,-5,-5,-2,-1,-1,-1,-1
494,1,1,0,0,0,1,-2,0
494,1,-1,0,0,0,0,-3,3
515,-3,-4,1,0,-1,1,-3,0
515,-1,10,0,0,0,0,0,-1
516,2,-11,-2,-4,0,-2,3,2
516,-2,-1,2,-2,-1,-3,-3,-2
537,2,0,0,-1,-1,-1,1,2
537,-4,1,-2,-2,0,0,0,-2
539,1,-4,-4,-1,-3,-1,0,1
539,-7,-1,-7,1,-1,-1,-1,-7
552,-2,0,0,-2,-1,1,-4,1
552,6,0,-2,-2,-3,-1,4,4
554,-3,-3,-6,-2,-3,-2,-1,-4
554,-3,-9,-1,0,2,0,1,2
578,-5,18,4,0,-1,3,-8,-17
578,-7,2,-1,4,0,-1,-2,-14
578,31,4,2,-1,2,1,16,94
578,-13,-27,-10,0,-2,0,-6,-17
596,-1,-15,0,-2,0,-1,1,-7
596,0,17,3,-2,-4,-1,1,-4
597,-2,2,4,2,-2,-1,-2,-24
597,2,11,-8,1,-2,-3,-4,3
612,-3,-2,4,1,0,1,0,10
612,-5,-17,-12,-5,-4,1,-2,-5
613,-2,-1,-3,0,0,-4,0,-11
613,3,11,-3,-1,-1,-1,-1,4
634,-8,-4,-10,-4,-1,-1,-4,-18
634,4,-8,4,1,1,2,1,-9
634,-9,-1,-4,1,-2,-4,-3,0
634,3,-9,14,-2,-1,0,1,11
656,1,12,-3,-10,-7,-5,3,1
656,8,12,0,-3,1,0,-2,3
657,-12,8,4,2,1,2,-5,-21
657,-2,9,5,4,0,-7,0,-9
671,-5,-11,1,2,1,0,0,5
671,-1,-15,2,-2,-4,-1,-1,1
678,2,-5,-4,-1,0,-1,-1,-11
678,-6,8,1,-4,6,3,-5,-1
695,-8,-2,-14,-9,4,-3,-6,-8
695,7,10,36,25,-10,-5,5,8
696,-6,-11,-10,-18,2,0,-2,-5
696,9,4,0,-21,-7,7,3,3
715,1,3,2,10,4,-6,-2,1
715,-10,-8,-8,5,5,1,-3,-8
717,0,5,5,1,-1,-2,0,-14
717,10,-1,-1,13,4,10,5,28
731,4,0,-13,-49,-10,-7,6,6
731,3,-6,-7,-1,-10,-9,0,5
732,-20,-11,28,60,12,3,-15,-18
732,-8,10,-7,2,3,-4,1,-20
754,-1,-1,15,17,1,10,-1,3
754,9,-4,-14,-42,-8,-1,8,10
755,14,-1,-8,-35,-12,-9,1,9
755,-12,-1,14,49,15,7,-12,-8
776,-13,-8,-13,20,4,5,-8,-16
776,4,6,39,21,-10,-10,3,6
777,16,-1,-59,-94,-10,-9,13,1
777,12,2,20,-17,-26,-13,-1,7
791,0,-1,-6,5,21,18,-8,1
791,-28,-12,-19,45,17,7,-8,-15
791,0,-4,16,36,-6,-11,-6,-6
791,20,-13,-65,-108,-23,-11,9,2
814,0,1,15,19,-8,-14,-7,11
814,-42,-4,28,38,19,20,-16,-21
814,45,21,8,-25,-18,-1,9,9
814,-6,15,-26,-45,-5,-14,0,3
836,-4,-25,-1,-22,2,-6,-2,-7
836,-24,-6,-29,37,8,10,-8,-9
837,8,27,2,-22,-3,1,18,9
837,-20,-51,39,127,37,34,-18,-16
852,-4,17,-32,16,9,4,-36,-12
852,-24,6,-49,-32,6,6,21,1
858,8,-16,61,21,-16,-6,33,15
858,61,25,-4,-128,-60,-72,35,37
874,-19,66,24,40,29,51,-86,-31
874,-30,-78,90,92,38,-4,97,10
874,47,12,-66,-7,-17,17,-45,-54
874,-36,15,42,-44,-29,-26,90,70
896,-66,3,-25,39,17,6,-93,-25
896,125,75,38,-48,-25,-9,-12,11
896,-93,-32,-51,4,5,-18,11,-3
896,31,-17,-27,25,22,28,-68,-15
919,67,33,44,-112,-50,-42,98,28
919,-35,-53,-109,-14,-14,1,-84,-17
920,34,-5,23,-24,-5,-14,11,6
920,25,-34,-57,96,43,48,-84,-44
934,-63,-91,-9,-32,-4,-5,105,34
934,6,-4,9,11,-26,-15,-2,-17
941,-13,-36,33,4,-22,-15,-37,-4
941,-11,12,-11,-1,38,6,27,-20
957,-5,3,5,-9,-22,-4,16,-17
957,-48,2,5,-16,-15,-4,-15,8
958,72,-7,53,-25,26,11,20,33
958,5,32,34,62,-56,-14,-64,-8
972,-10,-79,-66,72,37,-17,-15,-34
972,54,119,76,-86,4,26,89,37
978,23,-17,0,68,30,-15,-32,10
978,-40,2,-63,-24,25,36,-61,-45
993,31,50,66,-6,-58,-35,51,45
993,-9,-13,-46,-37,-11,-27,-19,12
995,48,33,94,-41,18,27,39,-10
995,-101,-87,-73,-7,9,23,61,-8
1017,7,-37,4,7,27,-1,-13,-22
1017,5,-13,82,-2,-31,-20,-39,-16
1017,-64,-12,-86,-25,-16,-10,-22,-25
1017,4,27,49,-12,9,-7,3,8
1030,22,2,-58,6,23,31,1,4
1030,-9,-12,21,19,-36,8,-36,-14
1038,47,38,17,-18,-34,-28,16,24
1038,-50,-63,-51,103,55,45,-14,0
1053,-11,14,17,-54,-5,-9,19,-3
1053,17,37,12,-60,-3,-29,48,18
1054,-91,-61,-72,84,-2,32,-105,-41
1054,36,26,53,-29,-65,-72,20,31
1076,-30,14,59,52,38,65,65,40
1076,46,-14,-58,-55,54,17,-20,-21
1078,-52,-37,-55,34,20,6,42,3
1078,80,62,101,20,-17,-14,-16,7
1100,-45,-27,-41,-59,-31,-6,-51,-14
1100,8,17,-22,10,41,28,-18,4
1100,15,35,11,69,46,23,22,34
1100,48,27,-10,-25,-46,-48,-21,-22
1122,-52,-83,-80,65,-24,-24,71,-19
1122,2,26,44,61,34,34,37,-8
1122,-18,-39,-25,-47,27,15,-10,-1
1122,54,49,56,-65,-21,-2,73,9
1136,19,66,85,49,4,14,-114,-11
1136,-43,-46,-56,-8,-12,-57,100,20
1136,17,71,64,7,17,82,48,23
1136,55,17,45,36,35,-3,43,5
1159,22,-72,-10,-75,-55,-46,-86,-3
1159,-5,58,-53,-39,-79,-69,-121,-60
1159,-85,6,-36,-23,-9,-34,84,40
1159,14,-14,81,15,60,80,-60,10
1181,-50,40,-25,70,59,25,123,17
1181,54,-48,39,38,-48,8,-55,1
1182,13,-19,-78,54,8,-14,-82,-29
1182,-117,7,0,6,-2,-48,27,-4
1198,50,56,94,-30,-7,37,36,44
1198,-53,-115,-91,14,39,-30,-12,-23
1199,-13,127,127,-42,-64,-33,-26,-1
1199,-18,-15,5,-38,-5,-26,-6,-26
1218,-91,-64,-125,12,2,17,-66,-74
1218,49,9,33,-6,26,38,83,61
1220,59,8,45,0,2,-10,2,-4
1220,16,-45,-58,61,-18,17,-73,-6
1241,-1,17,30,-30,-37,-49,65,32
1241,61,0,32,-35,35,87,-35,21
1242,-60,-75,-67,68,59,-30,-72,-37
1242,-30,-5,2,-42,-72,-62,74,21
1258,67,66,49,-74,-42,-34,12,44
1258,-29,-77,-25,86,17,12,-24,-24
1259,87,94,52,-11,5,52,49,17
1259,-31,-29,-23,24,51,33,-27,-6
1279,24,19,25,-24,-13,-13,-70,-23
1279,19,77,114,-13,-42,-61,127,53
1280,-74,-109,-107,-70,20,48,-81,-47
1280,35,18,20,43,49,-8,-4,-19
1301,54,20,36,-9,-16,-27,14,19
1301,-102,-34,13,-8,-43,-22,-125,-34
1302,-7,-21,-24,17,3,-16,66,7
1302,10,-25,-33,-28,25,66,33,9
1316,2,49,10,42,47,-16,-20,-18
1316,69,58,14,-31,10,19,-13,-5
1317,40,5,84,45,-94,-85,-35,9
1317,-96,-75,-101,-52,5,-27,26,-12
1339,-26,11,59,18,23,68,35,3
1339,-22,6,-47,-11,51,-27,22,-4
1339,63,14,42,-27,-23,-25,68,25
1339,103,49,39,-26,-72,-29,-93,-14
1362,-79,-115,-128,37,32,15,-9,-38
1362,21,45,38,21,26,55,48,9
1362,32,-42,29,10,28,45,-11,18
1362,8,33,95,-4,-24,-73,19,20
1377,-16,9,-9,-103,-11,17,-97,-21
1377,-112,-19,-36,91,-7,-15,76,14
1377,48,6,9,-36,9,-28,43,-2
1377,-24,1,9,12,-7,27,-16,-18
1399,3,20,41,43,-33,-32,-27,-4
1399,-14,-19,-9,-79,-17,26,-1,-5
1399,-58,8,-61,41,30,10,-41,-30
1399,1,26,33,21,12,36,44,18
1422,14,-3,3,21,2,-9,-49,-24
1422,54,-49,26,-32,-36,-36,-5,11
1422,-122,-50,-92,-70,-31,-24,-53,-54
1422,38,-6,18,10,14,-18,-6,-14
1436,-30,2,13,40,20,75,63,29
1436,-7,30,0,-53,-4,-93,-29,-15
1437,-7,-35,12,56,-64,-37,-34,-7
1437,-33,19,-26,-24,8,4,-21,-13
1459,11,-34,24,1,14,38,70,23
1459,1,-16,-40,-36,11,43,-85,-24
1459,35,8,9,3,13,-16,63,55
1459,-24,18,15,-7,-12,3,10,3
1482,18,44,57,28,4,12,7,20
1482,-18,36,-30,62,31,17,7,-18
1482,-17,-46,-11,-29,-18,-12,-2,-28
1482,-30,11,2,-8,-12,-2,4,-8
1497,-4,0,9,-34,-34,-52,9,5
1497,57,-32,40,-28,10,12,6,1
1497,-32,68,-36,35,37,64,-4,-7
1497,-7,27,1,-13,-6,8,50,17
1519,-24,-48,-28,6,-20,-52,-33,-18
1519,15,11,-6,-15,1,30,-8,5
1519,60,23,74,30,-16,2,45,19
1519,-28,-56,-63,25,28,29,-29,-18
1541,25,9,-21,-29,-28,2,-58,-13
1541,3,-11,20,12,1,-19,3,-13
1542,-8,-20,-35,-84,-8,13,94,46
1542,-12,-31,-52,31,0,-19,-59,-32
1557,13,-8,5,-8,-1,8,-6,-6
1557,22,8,4,29,18,6,6,9
1558,57,6,4,-4,10,3,-18,-9
1558,-20,9,10,-14,-22,-5,-10,5
1578,-25,-5,-4,13,23,-5,-1,-7
1578,-31,-23,-5,-7,-26,-1,27,12
1579,31,8,16,-3,-16,-30,-29,-4
1579,10,-17,16,29,6,1,9,8
1601,-7,-11,-43,-75,33,38,-16,-11
1601,-19,-6,-29,-13,-32,-16,-4,5
1602,9,1,26,-13,7,-4,-6,-1
1602,1,-4,1,18,18,14,4,1
1616,4,1,20,16,13,-22,9,-3
1616,-10,5,-1,15,-15,6,3,2
1624,18,13,2,29,-4,-13,-5,1
1624,-1,-5,-6,-95,-12,15,-1,0
1638,-51,4,-35,42,15,-6,-6,-13
1638,1,-3,21,29,3,-2,-2,3
1639,-6,8,27,40,9,5,-12,-4
1639,1,-1,6,4,-14,-15,11,13
1661,14,-4,-2,25,-12,-2,2,-1
1661,-18,-13,-20,28,12,21,-7,-8
1662,1,4,24,-18,20,-4,4,-10
1662,8,9,4,12,-11,-76,2,7
1676,5,2,-4,-18,-13,12,5,72
1676,3,1,-12,3,2,5,-4,-18
1684,6,-2,8,-6,1,0,-4,-15
1684,-2,-10,-22,-18,-2,16,-2,-47
1699,28,2,14,13,-3,-3,10,27
1699,-7,3,2,-17,1,-19,-10,-30
1700,-7,0,0,-17,-10,9,-2,-15
1700,1,-5,-8,4,5,9,-1,-2
1723,7,-6,13,-5,-13,-16,-5,-58
1723,9,1,-28,21,9,9,6,41
1723,-27,3,11,-29,-28,-2,-6,4
1723,8,-2,-4,10,17,33,1,-12
1745,-18,-1,9,4,-2,-13,-1,-3
1745,-25,-5,-17,-20,3,-4,-9,-34
1745,10,0,-8,4,-10,-19,3,83
1745,4,2,13,-1,5,7,6,46
1759,-1,-3,-7,-10,-8,9,-3,-23
1759,2,0,-1,4,-1,-3,-3,7
1760,-18,-6,-2,-8,11,-5,-3,-74
1760,13,0,5,0,-8,7,1,22
1790,13,6,-2,-1,2,10,13,27
1790,-3,-1,3,-5,-9,-13,-7,-62
1790,17,-2,-3,1,1,6,2,5
1790,-8,-2,-6,-4,-6,-10,-5,-35
1796,5,6,2,3,5,4,3,65
1796,12,1,9,0,-7,-4,3,8
1804,-6,0,-7,-9,0,0,-5,-14
1804,-19,-6,7,4,3,4,-6,-42
1819,-1,-5,-1,-6,-2,-5,-3,16
1819,4,-3,-1,-4,-6,1,0,-9
1820,-3,-3,-4,0,5,-8,-1,15
1820,12,4,-1,2,0,5,3,38
1841,-9,1,4,2,-5,1,-6,-49
1841,13,-4,-4,-8,-5,-6,-5,62
1842,-1,-2,-1,-1,3,-2,3,-9
1842,-10,6,1,-1,4,8,0,17
1855,-28,-6,2,-3,-6,-5,-9,-28
1855,11,-2,-6,-7,-5,-5,1,-44
1864,4,2,-1,0,4,2,4,8
1864,-24,-2,3,-21,-2,2,-8,-30
1879,-2,-8,-5,-3,-4,-6,-8,-23
1879,15,1,1,4,0,0,8,26
1879,6,5,0,2,4,1,-6,-10
1879,-7,-4,-20,18,-3,3,7,0
1901,-14,-11,-17,-14,-18,-4,-12,-118
1901,-2,6,30,-4,-4,-6,-2,51
1902,4,5,8,5,-3,-1,-5,-91
1902,-28,-13,-12,0,0,-4,-16,-13
1924,33,0,-6,6,8,4,15,7
1924,-5,2,-8,0,-4,2,-5,11
1925,3,3,-3,-4,-5,-3,0,50
1925,-34,4,9,2,-1,2,-13,-55
1938,-10,-15,-6,0,-2,-8,-12,-29
1938,-3,-1,-2,-4,-1,-1,9,25
1939,-7,-3,2,4,2,2,1,0
1939,9,-1,-2,-3,-1,0,-1,-9
1962,13,6,8,1,1,3,3,11
1962,-13,1,-8,0,-1,-2,-6,-61
1962,-33,-8,-6,-3,-2,-2,-12,-66
1962,17,4,5,3,-1,4,8,-14
1984,-3,5,1,-2,2,6,5,62
1984,-2,-9,-6,4,-8,-9,-8,-50
1985,-17,-6,-6,-14,-3,-8,0,42
1985,19,9,8,3,4,11,11,-3
1999,-12,1,6,4,5,6,-2,-62
1999,4,-5,-5,-5,-5,-5,-6,0
2007,-10,2,0,3,-5,-6,-5,16
2007,21,-1,-3,-1,-3,-5,4,44
2022,12,1,-7,-2,1,1,8,91
2022,-3,1,-3,0,3,8,6,-57
2022,7,-2,1,5,4,-3,-2,32
2022,-8,-7,-3,-3,-6,-2,4,23
2045,23,5,11,6,-3,-2,-10,8
2045,-5,0,-21,-15,-1,-3,4,17
2052,-1,-2,3,3,-1,-1,-4,-20
2052,2,-4,-2,-2,-5,-6,-5,-13
2059,2,-3,0,-3,-5,-3,-5,-45
2059,5,7,7,7,3,8,7,36
2060,-13,-6,-3,-5,-3,-6,-1,29
2060,-15,-1,-2,-3,0,-2,-9,-109
2081,3,5,2,4,2,5,13,70
2081,-4,0,2,-1,1,0,-2,-12
2082,-7,0,-5,-2,0,1,0,-10
2082,-9,-2,0,-2,-3,-1,-8,15
2105,11,-2,-1,-2,-8,-9,1,0
2105,-6,-2,2,-1,-2,-7,0,6
2105,1,1,1,0,1,7,4,6
2105,1,2,1,0,3,2,2,25
2118,-4,-2,-3,-5,1,1,-5,-35
2118,3,-2,-1,-2,-4,-3,5,25
2119,4,0,0,-1,-4,-3,1,-22
2119,-7,1,1,0,1,2,-2,12
2141,7,-4,-4,-3,0,0,0,8
2141,-9,-2,0,1,0,0,-3,-65
2142,8,6,3,2,4,1,10,102
2142,5,2,0,0,1,5,-5,-4
2165,2,-2,-1,-1,-2,-7,0,-30
2165,2,-2,6,2,-3,-2,-4,-3
2166,-14,-5,-8,-9,-7,-10,-9,-55
2166,12,1,0,-3,-5,-4,6,84
2179,-2,1,0,1,5,8,-1,-43
2179,7,-1,1,0,1,-1,5,10
2180,-2,1,1,2,0,3,1,-4
2180,-3,-3,-3,-1,1,-2,-1,9
2201,7,-2,-3,-3,-4,0,-4,-19
2201,8,0,-2,-2,0,-3,0,36
2202,-7,-3,1,1,1,1,-3,-20
2202,-8,-2,-3,-3,-1,-3,-1,-15
2225,-4,-4,-1,-2,-4,-4,-5,8
2225,8,0,-1,-1,0,1,7,34
2225,6,1,-2,-1,-1,0,3,27
2225,-5,-1,1,1,1,1,1,-37
2238,0,-3,-3,-2,-2,0,-1,0
2238,-4,0,-1,-4,-5,-8,-5,-1
2239,2,-1,-2,0,-2,-5,-4,-18
2239,-9,-2,-1,-2,1,2,-4,10
2261,2,-2,0,-1,0,1,0,-11
2261,1,4,1,3,5,1,-4,1
2262,-1,0,1,1,3,4,5,16
2262,1,1,-1,-2,-6,-3,-8,-10
2284,-6,-1,-1,-3,-1,-3,-6,-17
2284,-3,-6,-4,-2,-2,-1,-1,-26
2285,10,4,2,1,0,-1,-1,25
2285,-6,3,1,2,2,1,-4,35
2307,6,0,-2,-2,-1,-2,8,16
2307,-5,-4,-3,-3,-2,-2,-2,-29
2308,-12,-7,-4,-3,-2,-3,-9,-51
2308,1,-2,0,-1,-2,-3,-1,1
2322,-4,-2,-2,-2,-2,-2,-1,12
2322,-2,0,-1,-1,2,2,3,10
2323,3,2,2,-1,1,1,-1,-7
2323,-6,-1,-2,-1,-2,-4,-7,-3
2344,2,-1,-1,1,0,-2,-2,1
2344,-4,-2,5,2,-2,-2,-1,9
2345,-5,0,-9,-10,-1,-5,1,2
2345,-4,-3,3,0,0,3,-2,-21
2359,-1,-1,0,-1,-2,-1,0,-1
2359,8,2,0,-1,-1,-2,5,14
2359,0,0,0,1,-2,1,-3,-7
2359,-4,-3,-2,-4,0,2,-4,5
2381,-3,0,-1,0,-2,-6,-2,-1
2381,1,-1,-1,0,-3,-1,-1,-23
2382,9,1,1,-1,-1,1,6,46
2382,-2,0,-5,-3,-6,-5,-4,-8
2405,1,-2,-1,-1,0,0,-6,-8
2405,-7,-2,-4,0,1,1,0,-3
2405,-2,0,0,0,3,2,-1,-21
2405,-4,-3,0,1,1,5,1,11
2419,1,0,-1,-2,-4,-2,4,-20
2419,-10,-2,-4,-4,-2,-6,-7,-22
2419,-6,-2,-1,1,-3,0,-1,-12
2419,-3,-2,-1,-1,0,1,-3,5
2442,-3,-1,0,0,1,0,0,0
2442,9,-3,-4,-2,1,-1,2,18
2442,-4,1,0,0,-3,-3,-3,-9
2442,-1,-1,-6,-2,-2,-3,1,-7
2464,0,-1,1,2,-1,-2,0,5
2464,10,1,3,-1,0,2,5,1
2466,3,-1,1,0,-1,-2,-4,13
2466,-9,-1,-4,0,0,0,-1,-20
2479,8,1,0,-1,1,-2,0,12
2479,-1,-2,-1,-3,-6,-3,-1,4
2479,-6,-1,0,1,-2,-3,-3,-21
2479,-1,1,-1,-2,-2,-4,-2,-5
2501,1,-1,-2,-2,0,2,2,38
2501,7,1,1,1,1,2,3,44
2502,-1,1,0,0,-1,-1,-3,-31
2502,-5,-4,0,-1,0,1,-2,-12
2524,2,1,-6,-1,-1,-1,-2,-7
2524,0,-2,-4,-3,-4,-8,0,8
2525,-8,-3,-4,-2,-4,0,-3,4
2525,16,4,11,2,2,4,4,14
2538,-5,-2,-3,1,-1,0,-2,-10
2538,0,-2,-2,1,4,2,3,-3
2546,0,-1,0,0,-4,0,0,4
2546,-7,-4,-5,1,-7,-5,-6,-2
2561,1,-2,1,-8,0,-2,2,-13
2561,1,1,2,1,2,-2,0,-2
2561,-5,-2,-1,0,2,2,0,-11
2561,-4,0,-1,0,1,1,-3,-10
2585,4,1,1,0,-1,5,-2,3
2585,-2,-4,-3,-2,-3,-8,-2,-10
2585,-3,-1,1,0,0,-1,-6,-4
2585,-3,0,-3,-1,-2,0,1,-16
2598,2,0,3,3,1,5,4,3
2598,-3,-1,-2,-2,-3,-10,-7,-7
2606,2,-1,-2,-2,-3,-5,-4,6
2606,-4,-1,-2,-4,-2,0,-3,-7
2622,-1,-1,0,-1,-1,-1,4,-8
2622,1,0,-1,2,4,2,0,7
2622,1,0,-1,-2,0,-2,-3,0
2622,1,-2,-4,-3,0,-2,-5,9
2644,3,0,-1,-2,-1,-4,0,2
2644,4,3,-4,0,0,2,0,-10
2645,1,-1,-1,0,-3,-3,-4,4
2645,-4,-1,1,-1,-1,-1,-7,-6
2658,7,1,-5,-1,-2,-3,2,28
2658,1,-3,-3,-1,-1,6,6,7
2667,-2,0,0,-3,2,0,-3,-9
2667,-3,-3,-2,0,-1,-4,-3,5
2681,-4,-4,-4,-2,-2,-10,-4,-15
2681,0,-2,9,-3,-3,-2,0,-16
2682,4,1,0,0,1,2,0,24
2682,-8,-1,0,-2,-3,0,-9,-8
2704,2,-1,1,-1,-1,0,-1,-9
2704,-4,0,-1,0,0,-2,1,8
2706,-13,-3,-1,-2,0,2,-4,-42
2706,-1,1,-1,-2,0,1,1,8
2719,1,-1,-1,0,-3,-2,-2,7
2719,1,-1,-2,-2,-3,-3,-2,-5
2727,-1,-3,-1,2,0,1,-2,10
2727,3,-1,-1,-2,1,4,3,11
2741,-2,0,0,1,1,3,1,-5
2741,2,0,1,-2,-3,-1,0,-2
2742,0,1,-2,-1,-1,-2,-3,2
2742,-5,-1,-2,-1,-3,-4,0,-3
2765,2,-2,0,-2,0,-1,1,-10
2765,1,-1,-2,-1,4,3,-6,7
2766,-4,-2,1,-1,0,1,3,-4
2766,-4,-2,-1,-1,2,6,-4,0
2778,-1,0,-6,-1,-6,-17,-1,2
2778,4,1,-1,0,-4,-1,4,-16
2786,-2,-1,6,-1,-2,3,-2,4
2786,-8,-2,-2,-3,0,-2,-5,-5
2801,-3,-5,-3,-3,0,3,-5,-5
2801,0,1,0,0,1,0,2,-7
2802,-3,2,-2,0,-3,-3,-6,0
2802,-3,-1,4,2,-1,-2,1,4
2825,-1,1,7,-2,-1,2,-1,-7
2825,3,2,-4,-1,-3,-4,0,4
2826,-1,-2,0,0,2,2,-2,-1
2826,-6,-1,-2,-1,-2,-2,-2,1
2838,2,1,0,0,1,0,0,-16
2838,-2,-2,0,-2,-3,-8,1,27
2847,3,3,-4,-1,-2,0,-1,-5
2847,-3,-2,-2,-1,0,1,-2,-7
2862,-4,-4,-2,1,1,1,2,-4
2862,2,-2,-4,-1,-1,1,0,-4
2862,-3,-3,6,1,-2,-2,2,2
2862,1,0,6,0,0,2,-4,-2
2885,4,-1,-2,-2,-1,1,0,4
2885,-3,0,-3,1,3,2,0,0
2885,3,-4,-3,-3,-3,-5,0,24
2885,-1,3,-4,-2,-4,-3,0,-8
2914,0,-4,-1,0,-2,1,-1,2
2914,-1,-4,0,2,-1,-1,2,11
2916,-2,1,-2,1,3,6,-2,-16
2916,-3,1,-3,-1,1,3,-2,-2
2920,-2,1,-3,-3,-5,-6,-1,6
2920,-1,-14,0,-2,0,-2,0,-4
2922,-1,11,2,1,1,2,-3,0
2922,3,-1,-2,0,1,3,-1,-1
2946,5,2,-1,-1,-3,-2,1,2
2946,1,-3,0,-2,-2,-3,-3,-5
2947,-4,-10,-8,-5,-1,-5,-1,-2
2947,-3,6,1,1,1,-3,-3,-8
2967,5,-2,-3,-2,0,3,5,12
2967,6,7,0,0,-2,-3,0,2
2967,0,-6,-3,-1,0,1,2,-4
2967,-6,-4,-3,-2,-2,-1,-4,-9
2981,-10,-6,0,-2,-3,-3,-8,-6
2981,0,8,0,2,-1,-2,0,-8
2982,-8,1,0,0,0,-1,-4,-7
2982,-8,-3,1,0,1,-1,-5,5
3004,4,-7,4,-8,3,3,1,3
3004,1,-1,-2,0,-1,-3,-1,-2
3006,-13,-9,5,5,-6,-7,-9,-11
3006,1,4,-9,1,0,6,4,14
3027,-2,-11,-3,3,4,-1,-4,4
3027,-1,-2,-2,-11,1,0,-4,-3
3028,5,6,1,-5,-11,-1,0,0
3028,-3,-8,-8,-4,-1,-2,-2,-7
3040,-2,-1,3,-4,-1,-5,-2,-11
3040,6,20,20,11,3,-3,7,14
3042,-9,-17,-12,7,5,4,-5,-9
3042,-6,-8,-1,-3,-3,-1,-5,-2
3065,3,-4,-9,-12,-5,-8,4,8
3065,-5,10,1,3,2,1,-7,-26
3066,-3,13,6,-4,5,-2,-2,-18
3066,3,0,7,9,1,4,-2,38
3086,-4,0,-6,9,1,5,0,-19
3086,1,-14,-14,-29,-9,-7,2,-1
3094,1,8,-1,-8,-5,-3,-4,-17
3094,-2,-7,-25,28,20,-3,-2,-4
3101,-10,21,35,11,-18,2,-6,-17
3101,-4,-22,-7,-6,8,-6,3,-5
3101,0,2,-2,1,-3,-5,2,14
3101,0,6,9,-25,1,11,0,-17
3125,-2,-1,2,23,4,-5,-3,-4
3125,7,-3,16,54,12,1,-1,40
3125,-11,-1,6,-3,-6,5,-6,5
3125,4,-1,-20,-51,-1,3,1,2
3146,-8,0,-23,-12,-31,-1,-6,-16
3146,1,-11,4,-3,5,-13,-4,-15
3148,9,0,6,45,28,3,1,12
3148,-2,13,5,23,-3,-2,-11,-4
3162,-2,3,-9,-20,-33,1,3,5
3162,-19,5,-6,-77,-51,-1,-8,28
3162,-7,-3,-3,-5,21,-7,2,4
3162,-7,-7,8,18,-8,-5,5,-23
3192,7,-1,-9,7,25,-16,-5,5
3192,8,4,18,31,-4,-6,2,-25
3193,-3,0,-7,-10,19,16,1,9
3193,5,3,-19,19,-20,7,-2,5
3207,6,-2,17,-36,6,-4,9,14
3207,3,-17,-11,5,0,0,-7,-4
3208,-2,2,6,3,-16,-2,-3,-12
3208,-11,-16,-16,-16,-14,12,-6,-6
3221,-1,-7,-16,-18,25,7,2,10
3221,-2,-3,41,-23,-50,-18,2,-5
3222,-4,-22,-68,-65,-10,-10,-9,-6
3222,3,10,18,15,3,-7,0,2
3244,-5,25,57,68,23,24,-8,-11
3244,5,-4,-16,28,42,23,9,-4
3245,-3,-19,-26,-41,-32,-15,-6,1
3245,5,-40,-35,-65,-34,-18,9,9
3267,10,47,-1,-10,-5,-27,-9,2
3267,4,24,16,52,43,16,2,-22
3267,20,27,17,27,37,32,18,81
3267,-11,-30,21,-10,-81,-44,-4,-17
3282,6,-21,-88,-91,-6,-18,-6,-7
3282,-7,28,26,35,4,-2,-1,9
3282,-32,8,71,112,57,10,-14,-37
3282,14,-9,-44,-69,6,4,18,9
3304,-9,-59,18,109,-27,1,-14,9
3304,-12,-8,-34,58,-23,-22,-16,-20
3305,36,54,-37,-91,-9,23,16,-7
3305,-29,10,127,127,84,8,5,13
3327,-35,-31,-76,-49,-28,2,-8,-21
3327,38,-26,-73,-116,-61,-53,5,26
3328,-10,31,75,99,7,-8,-10,-14
3328,-23,5,-57,-30,16,18,-29,-19
3342,-3,-4,5,15,4,20,49,3
3342,4,-69,46,-63,9,-19,-9,20
3349,-27,-79,-51,42,-29,0,-38,-17
3349,-1,9,88,-95,-11,-18,24,-7
3365,-5,-30,20,85,46,36,-36,11
3365,-49,20,5,-25,-5,3,-37,-43
3366,72,29,43,-92,-40,10,95,26
3366,-43,18,-7,115,83,51,-13,-17
3387,53,-17,108,4,-1,-49,35,31
3387,70,-43,-61,-2,-42,-25,-89,7
3388,34,-40,-27,-81,-42,-61,60,8
3388,-54,11,-86,17,23,34,-62,-31
3402,52,85,-6,-25,28,38,91,26
3402,58,31,37,42,44,58,49,10
3402,40,52,109,-12,-24,-11,-46,-20
3402,-40,-92,-75,-27,-46,-31,-15,1
3425,49,-40,36,-3,-10,-33,-35,-16
3425,52,17,-11,-18,33,34,24,-2
3426,-58,-93,-10,67,-2,5,-38,-17
3426,-19,106,7,50,31,28,-4,-15
3447,-36,32,55,5,-79,-22,-19,-11
3447,52,22,3,3,-64,-92,25,20
3448,33,-59,-21,59,1,-5,-25,-47
3448,-59,-35,-82,-9,-17,13,52,18
3460,25,-37,-49,18,44,-25,-16,-8
3460,-10,11,36,34,30,37,-6,11
3470,-1,48,-14,-42,0,5,-3,-1
3470,34,15,49,-33,-18,0,-7,3
3485,-36,54,80,-18,-1,-19,39,-6
3485,-91,-21,-100,-1,-13,5,-18,-27
3486,44,24,19,-20,24,13,-22,14
3486,40,19,72,50,-6,6,24,7
3507,44,-43,48,-28,-25,-17,35,38
3507,-19,-10,14,52,7,56,18,-9
3508,-46,7,3,-6,41,-50,7,5
3508,63,-4,84,-3,-53,-32,-21,-10
3520,-3,25,-103,11,-20,-22,-84,-5
3520,-71,-72,-48,38,53,80,22,-5
3538,71,30,46,-27,11,1,47,29
3538,-29,-74,-60,73,43,33,-51,-6
3545,4,10,-39,7,-26,-6,10,-18
3545,30,67,58,-85,-6,-41,42,16
3547,0,-47,-19,-10,6,101,36,20
3547,5,24,1,-79,7,-60,-22,-2
3567,-48,-28,-15,-65,-38,26,-11,-9
3567,37,-11,17,-63,-5,-29,-15,-4
3568,-50,16,-13,56,29,27,-31,4
3568,6,91,-80,-91,14,-10,-8,10
3580,-37,-113,-102,-11,-23,37,-15,-4
3580,75,-23,85,-45,-55,-51,-23,-9
3589,-48,6,-36,4,-12,-34,28,9
3589,-25,78,12,31,28,14,7,-23
3605,36,51,67,11,38,37,28,16
3605,-2,-15,-24,-11,-46,-60,-40,-1
3607,76,-9,64,17,-68,-47,-22,-13
3607,-71,6,-69,60,28,40,61,19
3626,34,-35,-20,74,74,76,28,9
3626,72,38,34,11,17,23,17,14
3628,0,-9,-53,-44,-37,-50,-95,-30
3628,63,-50,53,-38,-63,-60,7,-1
3641,-13,-51,8,34,43,75,-25,-18
3641,-30,82,77,66,66,-1,41,17
3650,42,62,10,-45,-22,18,-22,5
3650,16,-128,-27,24,-69,-40,-11,-7
3663,-29,58,-23,-39,-13,-28,30,-14
3663,30,29,45,22,34,45,47,28
3666,-70,-54,-14,95,75,59,16,-28
3666,-24,-81,-28,-86,-18,-28,-5,3
3686,42,16,7,-37,-50,-113,-31,5
3686,-48,-3,-69,83,20,31,-28,-22
3689,19,-10,36,-28,37,26,14,13
3689,-10,5,-19,-8,30,113,-3,6
3700,27,47,67,36,4,-48,-3,9
3700,43,57,29,-57,-52,-66,-48,-16
3710,72,5,49,-83,-25,-35,42,46
3710,-56,9,-63,93,83,98,-7,-30
3732,116,7,35,-85,-4,-24,15,2
3732,13,-7,4,-19,-53,-38,-75,-22
3733,-58,-8,-35,-49,-50,-56,54,21
3733,42,48,29,-46,4,1,-49,-18
3746,-65,-9,0,10,39,41,52,17
3746,5,-47,8,-18,52,26,12,4
3748,-99,5,-67,24,-6,-48,-79,-52
3748,-8,-25,30,-44,-100,-106,-44,-7
3760,-4,-41,-32,-2,-7,8,-57,-40
3760,-41,30,2,-70,40,58,98,39
3770,-56,-39,-7,91,49,37,-12,-9
3770,105,30,54,6,-2,-13,8,20
3784,-43,-24,-46,-60,-20,-25,-34,-13
3784,39,-17,36,26,10,2,3,15
3790,39,11,21,78,2,33,35,14
3790,-5,-17,9,-12,32,-9,13,1
3806,-3,33,-24,-43,-71,-17,-11,-1
3806,32,-18,11,-33,9,10,29,11
3809,-69,-41,-96,-27,22,35,-59,-38
3809,41,34,51,-27,-2,-42,0,19
3830,-16,18,-28,110,9,-21,21,21
3830,-59,41,-15,67,-13,-16,18,-8
3831,24,-5,34,-2,-21,-11,-42,-7
3831,35,64,59,-101,12,80,16,6
3844,-67,-65,-54,20,66,35,11,-12
3844,-58,17,-59,-31,-46,-39,-32,-12
3846,-74,-71,-88,-37,-52,-54,-41,-26
3846,10,15,71,-25,-28,-30,26,-3
3867,-21,0,33,-6,25,53,-8,-3
3867,-6,-1,-16,109,41,20,-5,6
3869,32,-30,-31,-105,27,31,66,14
3869,-78,-34,-49,23,-35,-33,-35,-25
3890,57,49,38,5,-16,-7,10,11
3890,17,-4,61,-51,-18,-32,0,6
3891,-71,-8,-33,-26,15,39,-67,-11
3891,-9,-29,13,54,-5,-37,46,8
3905,39,-18,47,57,9,15,-4,0
3905,7,25,-14,3,-9,6,-84,-43
3907,-30,50,-1,55,16,56,75,26
3907,51,-81,3,-55,15,-29,48,11
3927,-32,91,0,49,-24,-18,-33,-5
3927,-6,-110,-11,-30,-20,-37,-17,-19
3929,33,68,66,2,-30,-38,-45,-14
3929,30,47,-30,-34,53,62,46,26
3949,13,-62,-59,-4,6,25,-28,15
3949,21,-14,-33,-48,-35,-31,17,20
3951,-20,-17,16,41,-1,-28,-9,-30
3951,37,30,-64,-66,-34,2,-50,-17
3965,9,-13,2,-9,23,-9,5,14
3965,-50,30,-22,21,31,36,25,10
3966,-14,-19,0,-20,-35,-14,-4,1
3966,-12,-12,14,55,-29,-31,-27,-9
3987,45,-11,47,-45,-2,5,27,-6
3987,35,15,-25,-69,-29,-7,-24,-18
3988,-31,-49,-42,22,59,22,-71,-23
3988,-32,-21,5,109,-5,5,71,30
4009,29,-5,51,-41,-2,-15,-6,-11
4009,67,40,101,37,17,-5,26,18
4012,-25,7,-61,-64,-42,-1,-21,0
4012,4,-24,-19,4,6,1,-45,-20
4024,-42,-11,-35,-5,-5,-26,46,25
4024,8,-4,15,4,28,4,-19,-12
4031,29,32,47,-33,-4,36,51,29
4031,28,-8,37,21,17,21,2,4
4047,-57,20,-39,57,-8,-47,6,-22
4047,-22,-42,-49,4,7,22,-2,-10
4048,0,14,47,50,-2,-43,21,8
4048,-1,3,-10,-12,-12,12,-8,-11
4069,34,23,39,-45,36,66,5,12
4069,-15,-16,-19,27,10,1,13,-1
4071,16,-13,-17,-76,-89,-73,-26,-4
4071,-30,-25,19,58,41,4,18,-1
4084,-12,59,35,-24,-18,6,-8,-12
4084,16,-13,-39,-17,-3,30,8,14
4090,17,9,2,62,53,41,0,7
4090,-6,8,-50,-11,0,-29,-20,-12
4107,-9,-38,-10,7,-20,-22,-13,-6
4107,4,0,20,-12,-4,14,-9,-7
4108,30,38,66,-16,-3,-7,87,34
4108,-62,-18,-31,17,9,-7,-37,-15
4129,42,-27,-19,4,27,40,-6,-12
4129,7,6,8,-40,-15,-35,11,22
4132,-3,-4,46,45,-50,-42,-48,-23
4132,-34,-24,-62,60,4,25,37,12
4144,17,11,28,8,9,-6,9,10
4144,-12,-16,-9,14,-15,5,-28,-11
4151,16,4,6,21,29,4,19,5
4151,28,20,52,-33,-8,-5,5,8
4167,9,11,-16,-52,-10,-17,-17,-7
4167,-30,-24,-56,57,18,40,13,-4
4168,4,5,4,-1,9,-14,-1,-3
4168,17,24,38,-20,3,31,-2,6
4189,0,-12,-28,-26,-9,-33,-4,-13
4189,-21,-7,-9,29,6,-12,-8,21
4192,-8,8,38,3,-1,2,0,-3
4192,22,11,24,45,-18,24,-5,2
4203,-9,-1,-2,-48,-5,-8,4,-2
4203,-39,-8,-8,-17,0,-3,-5,-12
4212,-20,6,-26,-14,2,-12,-6,-7
4212,10,-2,25,20,22,-16,7,7
4227,10,4,14,11,-23,5,-1,7
4227,-18,-7,-15,1,-14,-8,-5,-16
4229,11,-8,0,6,25,59,4,4
4229,8,7,8,-36,-1,-40,-3,-21
4249,11,1,-21,-9,-27,-27,-4,32
4249,6,-9,2,-9,8,9,-1,15
4251,4,5,-3,17,14,11,3,-59
4251,-24,3,10,-5,-16,2,-6,-65
4262,30,2,10,34,18,11,4,44
4262,-15,-7,-4,32,-8,-18,-6,-50
4272,-23,-18,-37,-31,-29,-15,-18,-78
4272,14,3,16,-14,-2,-10,4,15
4287,13,13,13,28,29,14,6,-11
4287,-23,-7,0,7,-1,36,-2,23
4289,17,2,0,1,2,5,-1,34
4289,-7,-10,-31,-25,-12,-14,-8,-15
4309,-28,-11,4,-38,-10,-6,-14,-56
4309,6,2,2,-6,18,-5,12,14
4315,-30,8,4,0,-4,5,-10,-14
4315,2,-2,-6,-18,-14,-10,6,46
4323,4,3,-3,10,6,2,1,12
4323,-10,0,0,-6,-8,-11,-8,-38
4332,-18,-12,-10,-9,-1,-10,-8,20
4332,56,13,5,3,12,51,19,19
4347,23,4,4,15,-2,-46,4,3
4347,-21,-5,-1,-14,-24,-5,-17,-63
4348,7,-4,-5,7,-2,-15,6,67
4348,4,-2,-3,-10,2,3,0,-9
4370,1,-6,-5,1,4,12,17,-15
4370,5,-1,-2,-4,4,0,-5,31
4371,1,4,0,-3,3,-5,-2,-16
4371,-2,2,2,-5,-9,-7,-13,-21
4383,10,-4,-2,5,0,-3,-2,17
4383,15,-1,-3,0,-2,-5,8,10
4392,-14,4,0,-3,3,6,1,-6
4392,-1,-1,5,7,0,-8,1,-8
4407,10,-3,-3,9,-6,-1,1,38
4407,9,-4,-21,-6,-2,0,-2,-12
4409,5,0,0,-10,4,7,-3,3
4409,-3,0,11,13,8,-5,3,-27
4429,-20,-5,-11,-18,-26,-3,-5,-21
4429,-17,4,-2,-5,2,-1,-1,47
4431,-16,-4,-9,-3,-1,1,-2,-19
4431,-1,0,7,-5,-5,-6,7,5
4443,1,-4,-5,8,11,2,-9,-28
4443,-2,-5,4,-3,-10,-2,-1,10
4452,29,-1,-3,-1,2,14,1,-79
4452,-1,9,2,-2,1,-4,4,55
4467,-15,-5,-1,1,1,8,-7,-56
4467,-2,3,3,1,1,-13,-1,39
4469,-3,-3,4,3,1,7,-5,9
4469,2,-8,-20,-11,-8,-6,-13,-89
4489,31,7,10,5,2,8,16,88
4489,-30,-2,4,3,-3,-11,-8,-67
4491,5,-3,-7,-4,0,-4,-3,-12
4491,4,-1,4,-5,-7,-5,1,16
4503,-9,-3,-7,-3,-6,-7,-2,-5
4503,3,5,17,2,7,4,0,-4
4512,12,-8,-8,3,3,1,7,20
4512,2,-2,-3,0,-4,1,-1,32
4527,-7,6,5,9,-6,-1,-7,-35
4527,-21,-2,-23,10,2,-3,-6,-39
4528,-16,2,30,-3,-4,-3,2,-22
4528,12,-1,0,-6,-3,-4,-5,78
4550,-9,-6,-3,-2,1,-3,-4,-78
4550,-9,3,1,6,5,14,0,-12
4551,-9,2,-6,-1,-4,-6,0,16
4551,12,-7,-9,-2,-3,-1,-5,-30
4564,-10,3,4,-2,-3,-6,-1,-13
4564,-11,-1,0,-6,0,-1,-6,-20
4572,8,0,-4,1,0,0,-4,13
4572,-6,1,5,-4,1,-2,3,-24
4587,-8,-3,-5,0,4,-2,-2,20
4587,2,-3,2,-5,-2,9,-4,-3
4589,8,2,-3,-1,-5,-17,-8,36
4589,1,-1,-5,-1,-8,-6,-1,-1
4609,-4,-3,-3,-1,5,0,4,-5
4609,9,-2,-3,-3,1,4,4,30
4611,-8,2,8,3,2,6,-6,1
4611,7,0,-2,-1,3,0,0,-41
4623,3,3,1,1,1,-1,2,65
4623,-7,-3,3,-13,-8,-8,-6,3
4632,-9,-3,-9,2,-3,-1,-4,-34
4632,32,3,0,-5,2,-1,14,62
4647,-21,-1,0,10,-1,3,-7,-53
4647,12,-1,-1,0,2,-5,-3,-26
4649,9,2,3,3,13,11,-2,30
4649,-9,-3,-1,-3,-16,-6,2,-18
4669,-2,-2,-6,-19,-6,-4,1,21
4669,-6,-2,2,-1,-5,-12,-1,38
4670,-4,-1,-6,-1,1,3,1,-33
4670,-2,1,5,11,9,7,-4,-16
4683,-5,1,2,3,1,-1,2,20
4683,-6,-1,0,-2,-2,1,2,5
4693,2,-2,-1,-1,-5,-1,-1,-40
4693,7,-1,-4,-3,-1,-6,6,83
4706,2,0,1,-5,-1,1,4,-57
4706,-6,4,3,17,3,2,1,-3
4714,3,2,-3,-1,-2,0,-6,14
4714,-1,-1,-1,-5,-2,-3,-1,-16
4729,-1,-6,-4,-2,3,-1,2,-10
4729,-5,0,1,-6,-3,4,5,7
4730,-1,-1,-2,-4,-7,-8,0,6
4730,-17,-5,-5,-6,-11,-10,-11,-29
4752,31,6,3,2,8,-1,13,63
4752,1,1,0,0,6,6,8,3
4754,3,-3,0,3,2,4,-5,5
4754,2,0,2,-2,1,1,3,11
4768,2,-3,0,1,-2,7,-3,-4
4768,-1,-2,-1,-1,-2,-14,0,1
4773,5,0,1,-5,-4,3,4,13
4773,-6,0,-1,16,0,0,-6,-18
4789,-4,-6,-4,-7,2,-1,-4,-2
4789,-3,0,-1,0,1,1,-1,-1
4791,-4,-3,-1,-2,-2,0,-1,-4
4791,-6,3,3,-2,3,3,-8,-25
4813,-3,0,0,12,4,-3,-2,-13
4813,-1,-1,0,-8,-5,6,-1,20
4814,-5,-4,-6,-3,-12,-19,-6,-19
4814,5,-1,-3,-6,0,1,3,7
4827,-3,-4,-4,-1,2,-4,-2,-4
4827,-17,-5,-2,0,4,0,-9,-49
4829,5,-2,-1,0,4,11,5,68
4829,6,3,1,1,2,0,4,20
4849,-6,1,0,-2,-5,-14,1,-5
4849,6,1,-1,0,-4,-2,-3,-2
4851,-6,-3,-2,-5,-1,5,-7,3
4851,0,-1,-1,-6,1,-2,5,-1
4872,0,0,1,1,0,0,-5,3
4872,0,-2,-2,-3,-3,1,0,-13
4873,6,3,-1,2,2,-2,-2,44
4873,-4,-4,-3,-1,4,2,-4,-23
4887,0,2,-2,-2,-5,-2,0,5
4887,-10,-5,-3,-4,-4,-7,-10,-20
4888,4,3,13,15,4,6,9,4
4888,4,-2,-18,-17,-1,5,1,23
4909,-9,-2,-2,-5,-10,-4,-6,-5
4909,-3,-4,-3,2,-3,-11,-4,-3
4911,-5,-1,-1,-2,0,-1,-5,-15
4911,-2,-2,4,6,2,6,-1,-12
4932,0,0,0,1,-2,-6,4,-3
4932,-5,-1,-3,-13,1,1,-4,11
4933,-4,0,0,8,-1,-1,0,-36
4933,12,3,1,3,4,2,4,50
4947,0,-1,-2,-12,-2,3,-5,-19
4947,-2,0,1,1,0,2,-1,-2
4953,-5,-3,-4,-7,0,13,-3,-6
4953,-4,-4,0,1,-4,-21,-5,-14
4969,7,1,1,-1,0,-1,4,17
4969,-3,0,-1,4,-3,1,1,-1
4970,-5,-3,-5,-7,-6,-5,-4,-17
4970,0,0,1,6,1,-1,3,-19
4992,-1,0,0,-2,0,0,-1,4
4992,-2,0,-2,1,1,2,1,4
4993,-4,-1,-2,-3,1,1,-4,-6
4993,-4,-1,1,-1,-2,0,-6,-11
5006,-2,-1,-1,4,-3,-4,-1,5
5006,-2,-1,-1,2,4,2,1,2
5014,-3,0,-1,-5,1,-1,-1,3
5014,-2,-2,1,0,-2,-5,0,-5
5030,0,-2,-1,-1,-5,3,-1,-3
5030,1,0,-2,-4,-1,-15,-4,7
5031,-2,-1,-2,0,2,2,0,-7
5031,1,3,2,-3,-3,3,-2,-14
5052,0,-1,-3,0,3,-3,3,46
5052,0,3,1,2,-5,1,-1,-3
5054,-3,-1,-1,-3,0,-3,-1,-4
5054,-7,-3,-2,1,-1,-1,-6,-27
5066,2,-3,-2,-3,1,0,-4,-8
5066,0,-2,0,1,2,3,2,0
5073,-11,-3,-1,-6,-8,-1,-5,-4
5073,-1,-2,-2,-2,-7,-4,-1,15
5089,16,4,3,-2,0,-2,2,9
5089,-7,-1,-1,2,6,12,-2,-10
5091,-2,0,-2,-2,-4,-8,-1,-17
5091,-3,-2,-1,-1,-1,1,1,3
5111,2,-1,-1,3,3,0,3,-1
5111,-10,-2,-3,1,-4,-5,-8,-36
5127,18,5,1,0,0,1,11,107
5127,-1,-2,5,2,1,-1,-1,-17
5127,-6,-3,-5,-3,-1,-2,-1,-13
5127,2,-1,0,-3,-6,0,-1,3
5133,-9,-3,-3,-2,-1,-4,-4,-29
5133,3,-2,-1,8,4,1,2,13
5150,0,1,0,8,0,-2,6,3
5150,-10,-3,-5,-19,-10,1,-6,-7
5151,3,0,-1,2,-1,-12,-4,-8
5151,0,-3,-5,-3,-3,1,2,10
5172,-5,-3,2,0,3,-3,-3,-27
5172,1,0,1,3,0,-1,3,16
5173,-6,-2,-1,2,2,12,-3,-17
5173,1,-1,0,-9,5,3,-1,1
5194,0,0,0,0,-9,-8,-8,5
5194,-6,2,0,2,-3,-9,-1,-20
5195,9,-2,-4,-8,-1,-2,1,15
5195,-1,1,-2,2,3,7,2,9
5209,-7,-2,0,-2,1,5,0,-20
5209,0,-1,-1,4,2,-1,-5,0
5211,-2,-1,-2,1,-3,-1,-4,-25
5211,2,0,-1,-2,-2,-3,-2,-2
5232,1,-1,-2,0,-1,-2,0,13
5232,-2,-2,1,4,4,-6,-1,5
5234,-4,-2,-2,-9,-4,3,-2,-14
5234,5,-1,1,7,-1,-1,1,10
5247,-5,-3,-3,-8,-1,0,-4,-3
5247,5,-2,-2,5,6,2,2,11
5253,3,0,-1,-2,0,2,1,18
5253,-4,-1,-2,-2,-6,-8,-1,-17
5269,-3,-1,0,-1,-2,4,-1,-2
5269,1,-1,-1,-4,0,-4,-1,6
5271,-7,-3,-2,1,-1,6,-2,-5
5271,3,-1,-2,-5,-2,-8,3,-2
5292,-1,0,-3,-4,-1,4,1,2
5292,5,0,0,-5,1,-5,-1,7
5293,-4,-2,1,9,4,2,1,-1
5293,2,1,-5,0,-2,0,2,-3
5306,-2,-1,0,1,2,-2,1,2
5306,0,-2,-2,6,1,6,-2,2
5315,-6,-1,-2,-16,-7,-7,-7,-16
5315,-8,-2,-2,0,-2,-4,-5,-23
5330,13,3,1,-2,-2,-5,9,56
5330,-7,-2,-1,4,-2,1,-4,-11
5337,8,0,-1,3,8,1,4,23
5337,1,1,0,-5,4,0,2,-1
5352,-3,1,-1,5,-7,3,-6,-12
5352,-4,-2,-1,-4,-6,-10,-4,-7
5353,-5,-2,-1,2,-3,-5,-4,-17
5353,5,-1,-1,-1,1,2,1,16
5365,-2,-1,1,4,2,-8,-3,-5
5365,0,2,-1,-2,-1,9,5,7
5374,-4,-1,-2,2,1,3,-3,-10
5374,-5,-4,-1,-8,-4,-8,-2,-3
5389,-2,1,1,2,-6,-4,-7,-3
5389,4,0,-2,-5,0,2,-2,-10
5390,-6,1,-1,2,0,-1,-1,-8
5390,-1,0,0,-1,0,7,-1,2
5411,-6,-1,-3,0,-2,-9,-2,-11
5411,-4,0,-2,3,5,4,-4,-2
5414,2,-1,-2,-14,-9,3,1,1
5414,-5,-2,-2,22,-1,-6,-1,-2
5426,-5,-1,-5,-2,-2,-1,-7,-14
5426,1,0,1,-3,2,6,6,17
5434,0,-1,-1,-1,3,5,2,-6
5434,3,0,0,-9,-5,-8,-2,3
5457,-3,-3,-3,-2,-2,-1,-5,-9
5457,-6,-2,1,1,-2,5,-4,0
5459,-3,-1,-1,3,-1,-5,3,-3
5459,-1,0,-2,-5,-1,3,-2,-4
5472,1,-2,1,2,3,-6,1,3
5472,-4,-3,-4,-6,-8,-3,-4,0
5473,-5,-1,-1,-3,-2,0,0,4
5473,6,1,1,-3,2,1,1,-24
5485,5,0,0,-2,5,8,5,1
5485,-8,-1,-1,1,1,-1,-7,1
5494,3,1,1,2,-3,1,1,4
5494,-2,-2,-2,-3,-5,-6,-1,0
5509,0,-2,0,0,-1,-2,0,-3
5509,-2,-2,-2,-2,-3,-4,-2,-2
5511,-6,-3,-3,3,1,-1,-5,-11
5511,2,0,-1,-5,0,2,1,7
5532,-5,0,0,4,2,8,3,2
5532,4,-1,-1,-6,-2,-5,0,5
5534,1,-2,-2,7,-4,-10,0,-5
5534,4,-3,-1,-9,-5,2,5,9
5545,0,-2,-2,-1,2,1,-3,-1
5545,-5,-4,-1,0,-1,1,-3,3
5554,5,2,0,-5,6,16,6,10
5554,2,-3,-2,4,-4,-20,-3,3
5569,-3,-2,-2,-1,-8,-3,-5,-10
5569,-4,0,-2,-3,1,3,-1,3
5571,-7,-3,0,-3,1,-2,-4,-6
5571,0,0,-1,1,1,5,4,6
5592,4,-1,-5,-2,0,-3,3,5
5592,-4,-1,-2,-2,-2,0,-6,-9
5593,0,0,-1,0,-9,-9,-2,-1
5593,1,0,0,5,0,-1,1,-5
5606,-6,-3,-1,-5,-4,-4,-4,-1
5606,-2,-2,0,4,4,8,1,-3
5614,1,0,0,-7,3,-5,1,1
5614,-4,-1,-1,-1,0,1,-2,3
5630,1,-3,-1,1,1,1,-3,-32
5630,-5,0,-4,-1,-7,-8,-2,2
5631,-5,-1,-2,-6,-2,3,-2,-5
5631,2,-4,-5,-2,1,-1,1,0
5652,0,11,8,-3,1,1,-3,-1
5652,-7,2,3,4,2,6,0,-10
5653,4,-2,-3,5,2,-7,0,-2
5653,11,1,-2,-10,-8,-5,1,16
5665,-8,-9,-6,-5,-4,-2,0,-6
5665,-3,-9,-1,-4,1,-3,-5,0
5674,-1,8,2,4,4,3,1,0
5674,-2,-3,-1,-3,4,5,1,-8
5689,-2,-3,-3,-3,-1,-5,2,11
5689,-1,-6,-1,0,-3,0,-3,0
5690,-2,-5,-2,-7,-4,2,0,-7
5690,0,3,0,9,-1,1,-1,-3
5712,-2,-1,1,6,-1,-2,-1,5
5712,-2,2,-1,-5,-4,-3,-3,-1
5713,-1,-1,-3,-2,-4,-1,2,0
5713,-3,-12,0,-3,-1,2,-3,-3
5734,-1,8,1,-9,1,8,0,4
5734,5,3,14,13,-3,-14,-2,4
5736,-3,-8,-4,-4,-6,2,-1,-2
5736,-1,-5,-2,2,-2,-4,-1,-2
5749,1,1,-2,3,0,-5,-3,-4
5749,-3,0,-3,5,0,6,-4,-3
5751,1,2,-1,0,1,0,-1,1
5751,-5,0,1,-2,1,1,-1,-1
5772,4,-7,-2,-1,-1,4,-2,0
5772,-6,2,-6,-9,-5,-7,-3,-1
5773,-4,-5,-1,7,0,-7,-1,-1
5773,-1,-5,-14,-5,1,2,2,-5
5795,2,4,9,1,-1,0,-3,7
5795,9,-1,-1,-2,-3,7,1,-1
5796,-1,-4,-1,-9,-3,-7,-1,15
5796,-2,-1,-5,6,4,-7,-2,-1
5809,-10,-11,-6,-1,1,1,0,-3
5809,-1,-2,-11,-19,-6,-6,-1,-5
5811,-3,1,1,11,-3,3,-3,-10
5811,-2,23,7,-5,-6,-7,-7,-3
5832,4,-6,-5,6,4,-3,-1,17
5832,-6,-2,0,-10,2,8,-3,-3
5834,1,-5,-5,-1,4,5,2,-6
5834,-2,-4,4,7,1,-3,1,1
5854,-1,1,3,3,-4,-3,-2,-13
5854,-2,-3,-7,-10,-11,2,-4,2
5856,5,5,-2,-10,-2,5,-1,1
5856,4,-2,2,8,-2,4,4,3
5869,-4,-2,-12,-16,1,-9,-5,3
5869,-2,-3,13,6,0,5,1,-23
5876,-4,1,5,19,9,-3,2,13
5876,-3,-7,-20,10,-5,-9,-5,-14
5892,7,-5,3,-30,-18,-2,1,11
5892,-4,-3,4,22,15,0,1,1
5893,5,-4,6,24,3,17,0,-6
5893,-3,27,6,-1,1,-11,-3,-5
5914,-2,3,-11,9,-1,-6,1,-27
5914,-7,3,26,3,4,9,7,6
5916,-4,-1,1,-51,-13,-7,-3,-3
5916,13,-17,-30,8,31,22,1,16
5928,3,8,17,6,-21,-22,-7,-4
5928,4,5,1,12,9,14,5,8
5937,-2,-7,-28,-16,-12,-22,-3,-3
5937,18,-7,54,25,0,14,12,16
5952,-26,-2,-39,-34,7,-3,-17,-18
5952,-1,-8,27,56,28,3,-8,5
5954,-15,2,11,5,-29,-1,-6,-64
5954,28,7,-5,-8,13,-4,24,66
5975,13,-6,-7,-4,-10,4,15,0
5975,-12,-7,-56,-67,-17,-12,-6,-32
5977,-15,9,66,101,36,16,-16,2
5977,7,-4,42,55,17,7,-7,-12
5988,-6,-1,-33,15,-35,-4,-4,21
5988,6,1,-65,-64,2,-18,18,31
5996,42,4,-39,-115,-79,-32,22,-2
5996,-48,9,7,-5,33,20,-30,-45
6013,-4,-23,40,37,34,10,8,-7
6013,9,18,28,6,14,7,-10,8
6014,-6,-7,1,2,9,-7,14,20
6014,3,-7,33,53,-3,-36,1,12
6034,-33,-30,-45,-1,5,51,-13,-28
6034,-17,-13,71,100,35,-13,-1,-18
6037,24,-9,-43,-59,-25,-6,12,15
6037,21,-26,-44,-100,-31,-16,-22,8
6048,-13,17,41,29,-5,-31,14,-9
6048,2,30,-1,-26,-14,-21,-5,-1
6058,-28,-4,52,102,51,86,-48,-3
6058,-36,-8,-33,-3,-41,-77,15,-34
6072,41,23,65,-7,-40,0,12,32
6072,-32,-70,-91,-87,-58,-53,-39,-15
6074,-31,8,-44,6,58,19,6,-23
6074,20,32,-3,17,15,56,49,-15
6094,61,11,93,40,75,39,5,28
6094,-79,-82,-55,31,-52,38,-36,-38
6096,-3,5,7,-11,-71,-84,-78,-20
6096,20,53,-84,-36,-6,-17,46,41
6108,-3,8,64,-3,74,70,-18,6
6108,70,-34,79,79,13,-20,32,25
6116,18,-7,-22,-67,-35,-1,-62,11
6116,-39,-79,3,22,-49,-48,67,30
6132,-8,19,-52,-18,30,25,-54,-31
6132,-2,-59,-10,-37,30,40,41,36
6134,45,56,74,11,41,53,-32,-11
6134,93,51,-50,-12,-34,-50,48,4
6155,-26,28,57,108,-2,-20,-22,-26
6155,17,-69,-106,-91,-35,-23,-40,-21
6156,-82,23,79,61,67,19,43,-20
6156,66,8,7,-75,-11,78,-23,10
6168,54,-33,-29,14,-53,-98,-2,27
6168,-42,-2,-44,73,-43,-26,-25,-61
6177,40,-34,-40,-13,34,16,125,33
6177,-4,46,127,110,77,9,-9,4
6192,13,-35,-86,-37,21,68,14,-1
6192,127,91,127,-51,-40,-41,-40,31
6193,-80,-68,-124,8,-24,-32,-47,-42
6193,48,-53,75,-16,16,43,-2,-8
6215,82,62,69,24,52,-54,28,52
6215,-88,29,-80,-44,-34,-50,-81,-68
6216,32,-14,23,-35,-90,-84,58,43
6216,-20,-30,17,40,12,-5,-35,-48
6229,-44,0,3,-5,67,82,-26,3
6229,101,72,94,1,51,93,96,65
6237,-47,-9,-42,69,-1,32,-92,-9
6237,-74,-34,-40,17,-45,-59,61,-15
6252,34,7,9,4,-39,44,-54,-17
6252,-61,56,50,80,95,-19,81,40
6254,11,-75,-21,-14,-37,-99,-23,23
6254,64,55,-50,-111,-72,-46,-101,-22
6275,-42,19,-28,-69,-60,-53,102,-2
6275,-90,-19,-15,27,61,111,-82,-59
6276,127,85,114,-66,76,89,127,101
6276,-128,-124,-128,-64,10,-73,-110,-32
6288,61,-52,26,-44,-113,-42,-44,-14
6288,-7,76,11,-20,-13,40,-51,-15
6298,-24,18,-8,33,56,28,117,37
6298,60,11,122,102,127,127,47,22
6312,14,-46,39,31,-35,-104,29,-8
6312,-7,65,25,48,-115,-128,-81,-10
6314,-66,-17,-44,-21,-28,-55,44,-60
6314,71,56,45,20,23,84,23,24
6334,-12,-30,-36,79,119,115,31,17
6334,36,-3,15,59,79,-18,94,31
6336,56,1,39,-31,-109,-122,-128,-35
6336,-71,-20,-41,-68,-35,-99,-8,-8
6348,-3,-12,11,31,42,107,37,-6
6348,27,-12,74,101,87,-44,20,12
6357,-78,-51,-64,22,-4,-1,-73,-31
6357,14,-21,38,-113,-97,-115,-5,19
6372,-71,-4,-79,-118,-47,-31,-81,-35
6372,52,-39,21,6,35,112,15,39
6374,-71,88,10,92,106,77,28,-18
6374,116,-29,64,34,-36,-49,-33,25
6395,-71,22,-70,21,-65,-123,-93,-48
6395,-57,-75,-106,-128,-35,68,23,-6
6397,12,-12,1,62,41,41,49,29
6397,20,-16,-11,41,16,127,48,23
6407,44,79,-9,-50,-63,-128,-25,7
6407,43,-51,-11,19,-64,-25,15,-17
6418,-3,-33,-94,-16,29,99,-27,-9
6418,2,74,-29,17,49,103,-16,-34
6432,-1,14,43,-77,10,-78,51,28
6432,-5,-57,35,-9,-61,20,-70,-25
6434,-33,71,-26,-25,-35,-45,0,21
6434,5,-14,-1,60,6,-18,-3,-3
6455,46,23,55,-8,55,75,21,15
6455,-79,-4,-10,72,73,49,-1,2
6456,105,-90,29,-28,-37,-60,47,-5
6456,-65,17,1,5,-30,-103,-33,-13
6468,19,-31,-53,54,-8,39,-25,-32
6468,78,-12,40,-51,11,37,72,20
6477,0,87,14,81,7,-22,22,20
6477,-95,-90,-102,-6,-18,-45,-52,-53
6492,23,-21,-21,-87,-50,-42,-1,-25
6492,-18,50,45,-19,-10,-72,65,36
6494,-22,-117,-29,-19,60,97,-68,-23
6494,62,88,52,2,0,-51,97,38
6515,-11,28,-5,32,-40,41,-77,9
6515,-45,-11,-65,44,-7,-62,5,-24
6521,47,20,79,-100,-11,2,36,16
6521,-5,25,-56,56,101,85,-29,-4
6528,80,-20,41,-54,-7,-45,59,27
6528,-33,1,-79,-57,-79,-53,-68,-27
6537,-20,23,13,-59,-31,-14,-18,-10
6537,-101,-21,-34,-27,46,97,-25,-20
6552,-2,12,32,83,87,49,55,27
6552,56,-26,11,-87,23,100,-58,11
6553,-83,34,-35,-37,-87,-128,2,-7
6553,90,45,96,22,-31,-29,-48,-5
6574,0,-17,-58,11,44,42,105,34
6574,-43,26,101,54,51,-18,61,8
6576,6,-34,7,36,8,33,-42,-24
6576,93,-6,7,-16,-56,-101,-67,11
6588,-73,-43,-32,-29,-20,-15,12,-32
6588,-6,-9,-12,-25,-39,29,-6,19
6596,57,-35,54,94,54,91,29,15
6596,-61,-10,-19,-9,13,7,-17,-27
6612,9,42,36,15,-43,-71,29,15
6612,-60,10,-37,-9,-9,13,-27,-26
6614,-11,-4,-8,8,25,-8,3,-15
6614,33,-22,4,-66,-8,-11,30,10
6634,-26,-90,-45,-38,21,14,-48,-6
6634,-33,-6,-24,16,12,-18,18,-2
6636,97,11,50,-22,-79,-94,-28,13
6636,-40,-48,-50,23,-6,26,34,4
6657,-15,7,35,41,65,36,25,-6
6657,21,36,25,-35,-21,-64,12,3
6658,3,-3,-41,89,14,41,-57,-7
6658,24,-17,70,-15,1,-23,82,9
6672,-9,-27,-2,9,-5,69,-32,-9
6672,8,4,-4,19,41,-9,22,16
6673,60,45,77,-44,29,-101,44,26
6673,13,-5,6,19,-77,27,-96,-20
6694,-126,-31,-108,-10,-14,-116,-33,-37
6694,60,33,57,-41,-6,93,30,11
6696,-9,-52,12,-25,23,23,27,-20
6696,-2,-18,64,-72,-31,-50,-96,-27
6717,-103,28,-27,23,28,57,81,22
6717,2,13,-20,-54,-27,-19,-29,10
6718,13,28,43,-59,34,12,-16,12
6718,-41,19,-70,-1,-19,-5,6,-7
6733,92,55,20,21,-8,25,-30,-6
6733,-39,31,-2,17,3,52,5,-32
6738,-56,-2,-4,-54,-20,-69,71,23
6738,-24,8,-52,-17,-16,45,-12,-10
6755,26,8,33,33,-6,-38,22,13
6755,-8,6,-25,51,32,54,-16,-20
6756,-4,45,40,-23,-18,36,-18,-11
6756,28,-71,-40,84,34,-26,22,4
6776,-23,-12,-15,-30,-6,7,-2,-15
6776,37,8,21,8,-50,-18,-23,-3
6785,-35,3,-33,65,55,4,14,-8
6785,22,-1,15,-45,7,11,104,47
6792,-4,28,46,5,25,32,-10,-18
6792,-21,-26,-63,-15,-71,-86,-2,-22
6793,-33,-31,-14,-22,-11,23,17,-12
6793,-73,-17,-50,95,72,50,18,-9
6814,61,-18,16,-19,-14,1,-47,-8
6814,38,28,50,4,-22,-10,-30,9
6816,7,-38,-21,-46,-7,-27,-12,-5
6816,-18,52,-5,-23,5,39,40,18
6837,15,-11,75,-11,11,-12,-37,19
6837,9,53,-36,78,37,17,-35,-19
6838,-35,-17,-25,3,-38,41,10,-14
6838,61,24,47,-33,-19,-59,-43,-3
6851,2,32,5,-74,-32,-30,35,22
6851,-30,-73,-27,47,55,64,24,-13
6858,6,72,-29,62,15,5,-9,-15
6858,31,47,48,-40,-2,-69,-6,11
6874,13,2,11,5,-36,-2,-16,-12
6874,14,-3,31,-53,21,-3,-23,2
6877,-20,-69,-90,0,-15,0,11,-12
6877,-34,-5,-1,-2,20,5,-5,2
6897,6,4,9,19,30,-29,-70,-12
6897,-87,-30,-35,5,-32,-71,31,8
6899,32,-1,57,18,-46,-12,-59,-4
6899,51,15,-12,-41,-14,-10,25,1
6911,-47,-48,1,-16,15,41,1,-2
6911,-15,-13,-71,37,20,43,-50,-19
6918,31,-1,19,19,18,-42,64,38
6918,8,12,7,29,-33,41,5,-2
6934,-18,-4,-3,5,-1,-28,9,-1
6934,0,-16,20,-29,14,19,-14,-1
6936,11,7,19,-13,-7,19,-28,-3
6936,19,12,-24,47,29,-23,-32,1
6957,-33,-30,-29,70,-28,-14,84,17
6957,12,-7,14,-19,-25,-19,-11,4
6959,-26,-3,-4,-6,-20,-85,-19,-6
6959,15,-5,16,-65,25,66,0,6
6971,38,9,-9,-11,8,-4,-14,-3
6971,-22,-10,6,31,-30,0,-4,0
6978,8,-1,-6,-26,35,51,19,10
6978,9,2,31,77,12,-32,-3,-17
6994,13,-2,-21,-1,-10,-12,-14,4
6994,-5,1,-41,-104,1,42,25,28
6996,-11,-5,-8,-13,-20,-5,-37,-33
6996,3,-15,16,6,3,-40,5,-2
7017,-26,-3,-27,-9,-6,72,-10,0
7017,23,-5,34,84,1,-36,21,6
7019,-2,16,-24,-54,-54,6,-17,8
7019,-17,-25,-20,0,-6,-23,12,-7
7031,-11,-13,-7,-11,11,11,-12,-38
7031,30,5,25,39,59,5,16,-22
7040,41,17,1,-2,3,23,-6,36
7040,-2,-1,17,-2,-15,2,8,-21
7054,16,4,5,12,-7,-7,-17,-7
7054,-40,-9,-14,-19,-13,11,-4,-29
7061,-5,-18,37,24,20,-2,-3,-2
7061,29,6,8,-12,8,-11,24,72
7076,-29,20,17,-8,-8,-4,-13,-100
7076,29,-11,-14,-17,-19,-26,2,122
7079,-2,-2,-6,6,-17,-17,-4,47
7079,13,-27,-23,-10,11,23,14,-16
7090,13,13,30,26,19,25,4,103
7090,-11,10,14,-19,17,-29,-3,-5
7100,-7,-21,-16,-8,-6,38,-4,-30
7100,-19,25,4,-5,-17,-15,-13,-12
7114,-5,-6,13,-3,-25,-18,-4,-52
7114,30,-6,1,-21,4,-7,11,36
7116,-4,7,-12,16,17,32,-7,-35
7116,-16,-9,-2,-11,7,-31,-4,-7
7137,6,-3,-7,-10,-32,-30,-5,-38
7137,-28,3,3,-2,-15,-14,0,-38
7138,44,5,5,7,25,14,22,43
7138,-2,11,5,5,10,43,5,37
7151,-2,-5,-10,6,26,23,-7,-69
7151,3,-8,3,-2,-23,-48,-13,-53
7159,16,-2,-6,1,-29,-9,-2,56
7159,-22,-9,-10,-18,-8,-3,-10,-43
7174,3,-4,-13,-3,9,6,-3,26
7174,-16,7,5,6,16,19,2,-17
7176,-7,0,6,9,19,3,-4,-24
7176,-12,-5,-5,-3,-6,4,-7,-7
7197,-13,-7,-6,-5,-14,-13,-5,-5
7197,18,6,0,3,4,20,6,6
7198,-4,0,1,6,10,-25,-5,-20
7198,-20,-9,-5,-8,-17,-1,-7,-9
7210,-7,-7,-4,-6,-7,10,-5,-16
7210,31,6,4,7,10,13,19,90
7219,-6,0,-4,-8,0,-6,-8,-16
7219,11,2,0,5,-3,3,-1,14
7234,3,-1,-6,2,8,16,0,30
7234,-8,-2,-23,-9,-15,-20,-6,-32
7237,-19,-3,4,-2,2,6,-9,-37
7237,-3,1,-3,4,2,12,6,22
7258,0,1,8,14,6,-11,-3,-7
7258,-6,-3,-19,-21,-1,-1,-10,-1
7260,-4,-5,-4,0,-9,-11,-2,-15
7260,0,-2,-2,-9,-16,-17,-1,19
7270,-13,0,-1,0,-2,-7,-2,48
7270,-4,-3,9,6,7,-3,-2,-65
7280,9,0,2,2,12,11,5,38
7280,-17,-4,1,-7,1,6,-10,-43
7294,-7,-4,-9,-2,-4,21,-3,-36
7294,10,8,9,8,-5,-34,-1,-46
7297,16,1,-3,-6,0,13,8,80
7297,-14,-2,-6,5,-2,0,0,-23
7324,-4,-3,-5,-6,2,2,-2,20
7324,-12,-4,0,-5,-8,-5,-11,-33
7326,-9,-2,0,-1,-2,-4,-6,-49
7326,-8,-1,-2,-4,0,1,1,-16
7331,2,2,6,7,6,-10,0,22
7331,1,-6,-4,-24,-12,-3,-5,45
7340,1,2,0,3,1,27,4,-19
7340,-9,-5,-3,-7,-4,-20,-4,6
7354,1,-2,-8,-9,-14,-10,-4,-12
7354,24,-1,11,11,1,-9,5,-12
7355,15,1,1,2,1,11,5,29
7355,-6,0,-1,1,10,10,-1,-5
7377,8,2,-2,-1,-3,-3,4,47
7377,-11,-1,2,8,1,4,-2,-17
7379,-4,-3,-2,-1,4,-16,1,5
7379,3,2,3,2,1,-7,-2,2
7391,-4,-2,-2,-7,-8,-9,-2,1
7391,3,-3,-4,-4,-11,-8,-3,8
7400,-12,-3,-3,1,2,-10,-2,-39
7400,-5,-2,-2,-1,0,8,8,6
7415,2,-1,-4,-5,0,6,2,13
7415,1,1,2,3,6,4,0,-11
7416,-2,-2,-3,5,-1,4,-2,-30
7416,-7,-1,1,-8,-5,-1,-1,1
7437,5,-2,-3,-1,-2,-6,-8,-12
7437,9,3,-2,13,9,3,4,-2
7438,-4,-1,6,-23,-18,-11,-1,-2
7438,-9,-2,-7,0,5,4,-2,-11
7450,-5,-1,0,-2,-3,-1,-2,-8
7450,3,1,-1,5,3,12,4,-3
7460,2,-1,-2,7,3,-8,-3,-4
7460,-3,-3,-1,-1,-4,-1,0,1
7475,-15,-1,0,-4,0,1,-4,-22
7475,8,-9,0,2,1,-7,1,-16
7476,7,4,2,5,-2,3,-1,14
7476,-4,0,1,-2,-5,1,-4,-43
7497,1,-1,-2,4,1,1,5,26
7497,-10,-1,2,-7,-1,-2,-2,-22
7498,-2,-4,-2,2,3,-1,0,-5
7498,1,-1,0,3,-2,-10,-6,11
7511,-3,-2,-1,-5,-12,-4,-6,-10
7511,0,0,-3,-3,-1,-4,1,20
7519,-1,-1,-2,3,7,0,0,-19
7519,7,2,2,1,-2,5,-3,34
7534,-6,-1,-2,-2,0,-3,-4,-20
7534,6,0,0,-2,-4,2,4,11
7536,-4,-1,-2,4,3,-2,1,1
7536,-7,-2,-1,2,3,5,-4,-15
7556,-2,1,0,2,-2,-3,-4,4
7556,1,-1,-4,17,3,-2,1,11
7559,-7,-1,1,-7,-9,9,1,-21
7559,-1,-7,-13,-9,-8,-21,-1,13
7570,1,-1,8,-5,0,2,-2,2
7570,2,1,1,0,1,1,-3,6
7580,1,-2,-3,2,2,-1,-1,-16
7580,-4,-4,-6,2,1,7,-1,-7
7594,4,1,-3,-1,3,1,1,19
7594,1,5,-1,-11,-5,-2,1,-7
7596,0,-1,1,4,-5,-8,-3,-2
7596,-1,1,4,-1,0,3,-1,-2
7617,-3,-4,-2,0,0,-3,-1,-10
7617,3,-2,3,0,2,2,4,2
7618,2,-2,-3,-1,0,-4,-2,2
7618,-3,2,3,1,0,3,0,-9
7642,-2,0,1,4,3,2,-1,-8
7642,5,0,-3,-17,4,-4,1,15
7642,-2,1,1,7,-10,-5,1,2
7642,-9,-2,0,-1,2,3,-7,-17
7654,1,-1,-4,-2,-1,-1,-3,1
7654,-3,-2,0,-6,-2,-1,-1,-5
7656,-2,-2,-1,-1,5,1,0,-7
7656,-2,1,2,2,-1,-4,-1,14
7677,-3,4,1,-4,-4,-4,-1,-6
7677,10,-7,-14,1,-4,0,0,4
7679,-5,-4,-2,-2,-1,-5,-3,1
7679,-4,-1,-1,0,0,7,-4,1
7700,-7,-1,-2,-4,2,1,-4,-4
7700,0,0,-3,3,-1,1,-2,0
7701,7,2,0,0,6,-4,2,13
7701,-7,-1,2,-3,-8,1,-3,-30
7715,-8,-5,-10,-7,-11,-15,-11,-4
7715,3,-1,2,-1,-7,-1,4,4
7717,0,-2,-1,-5,5,4,2,5
7717,1,1,2,5,9,6,1,-4
7736,2,-1,0,2,2,2,-1,9
7736,-4,-2,3,3,-7,-1,-3,-16
7739,4,2,1,-5,-3,-6,-3,5
7739,-3,0,-4,-10,-4,3,-5,10
7760,-1,-1,-1,10,-2,-9,2,-5
7760,1,-2,-1,-4,2,-6,0,3
7766,-1,-1,-2,1,-2,1,1,-4
7766,-6,-1,-1,-1,-3,0,-4,0
7775,-9,-3,-2,-2,-1,4,-2,-6
7775,25,5,6,7,8,-2,5,13
7776,-4,1,-4,-12,-9,-6,-6,-8
