0,23,19,-1,1,9,0,8,6
0,3,2,-33,11,0,-5,10,9
1,-2,22,-3,23,20,6,3,2
1,-7,-5,-32,-53,-12,-2,-8,-8
5,-26,-3,-8,5,-4,7,-4,-4
5,-39,-2,-29,1,-9,-9,-3,-10
5,32,13,36,24,7,1,12,18
5,7,-4,-46,10,1,-2,-7,0
11,-13,-13,40,13,27,4,0,-5
11,-10,33,49,1,-6,-5,0,-2
20,-12,-14,-23,-21,-11,2,0,-1
20,12,31,38,25,5,4,1,0
26,7,-1,-20,-12,-4,0,2,2
26,7,-17,4,12,16,8,6,6
41,-2,-8,13,61,2,-14,-20,-11
41,7,2,42,59,37,16,2,-4
50,-3,22,-54,-87,-52,-15,-6,-10
50,-10,-13,75,27,-3,1,5,5
80,-3,-20,-102,-38,-27,-11,-8,4
80,-6,-45,-72,60,27,7,-8,-10
81,-8,-30,20,4,22,12,-8,-12
81,-66,-24,-34,-3,-40,6,-2,-6
134,-26,-1,15,6,-2,-2,-9,-12
134,-32,-20,-2,31,12,-11,-1,-11
136,1,-9,17,20,-12,1,-3,19
136,-67,-27,8,58,32,8,-6,-32
140,-8,18,-35,-105,-51,11,12,28
140,22,14,-6,-5,-11,-6,15,31
142,5,32,100,28,17,-8,2,6
142,-16,-66,-16,-62,-14,-4,-18,-28
142,-20,36,49,74,98,9,0,-20
142,25,-34,17,-71,-67,-15,-3,-8
146,-1,2,-33,2,24,-8,-6,-12
146,20,41,13,25,27,4,-10,10
147,38,6,-17,15,-7,-10,-20,0
147,-69,-3,-45,6,16,10,15,-4
161,45,-43,27,51,-9,-12,-5,-2
161,14,-10,-30,-59,-37,-7,-22,-14
168,-5,-7,-23,104,20,10,15,39
168,-3,17,-7,19,-32,-3,1,-13
183,-20,-8,-15,17,4,8,7,-11
183,1,10,40,23,7,6,15,32
191,-4,-37,2,-25,8,-3,-6,-16
191,15,7,35,68,-17,-9,1,-2
206,-11,8,-46,-37,1,8,13,7
206,42,15,-12,-14,-12,1,-1,-12
207,-2,-6,-4,-28,11,1,0,-8
207,-1,19,-8,6,37,1,-11,-7
228,-2,-4,28,40,18,2,-6,-22
228,20,34,-96,37,1,3,17,36
229,1,-46,60,54,6,3,-4,-13
229,-3,10,-6,51,-2,-2,-9,-11
243,-4,22,-77,-75,-57,-6,3,10
243,-15,25,-5,17,-5,-1,-25,-14
250,23,-32,-36,-1,-24,-9,-2,-5
250,-50,16,-11,1,19,2,4,0
267,13,19,-5,-18,7,4,15,14
267,-18,4,-23,-18,-28,-4,-8,-27
267,2,14,8,-42,-17,1,1,6
267,7,-13,62,7,10,-11,-8,-19
289,14,25,-34,22,27,5,7,18
289,-16,-7,24,-9,0,0,-5,-5
292,21,24,0,-11,-7,3,7,-3
292,13,-10,-15,-36,5,5,2,16
311,-31,-20,9,6,-11,-2,-9,-14
311,11,-20,3,1,15,-4,12,4
312,-22,-6,-30,-40,-26,-1,11,0
312,10,2,17,20,10,7,-1,5
326,-3,-19,-14,4,-15,-2,-4,-4
326,6,10,40,19,24,7,0,0
327,-7,8,-3,15,-8,-5,5,8
327,17,7,-4,4,0,-2,-3,-7
349,1,0,24,20,10,-1,-5,-7
349,1,-4,5,-6,-8,-2,-6,-5
350,-5,-3,2,16,-5,-5,12,3
350,16,-1,16,63,10,0,-11,9
371,-11,6,22,-5,7,3,-9,-1
371,0,-9,13,2,-4,-3,7,-2
372,5,-3,-11,-24,-10,-11,-20,-10
372,9,-3,-3,-1,5,-2,3,15
387,-28,-17,-31,-102,-23,-10,-2,-15
387,10,-2,6,-1,4,16,-11,6
389,-4,-2,0,8,-2,-14,0,-10
389,15,5,-6,-30,-5,-24,18,17
408,-4,-7,2,18,-10,-16,-12,-15
408,-5,-9,-13,-38,-4,-6,4,-7
409,0,10,23,53,15,17,-17,-4
409,-2,-8,-6,-15,-2,9,-9,-5
432,-7,-4,-2,14,8,6,6,4
432,28,6,11,16,0,-1,-6,1
432,3,0,-19,-19,-4,-3,0,-6
432,-11,6,-2,-17,3,0,3,-1
446,-4,0,1,11,4,2,-7,-3
446,-7,-6,2,-5,-4,10,-8,-6
447,-6,6,8,15,11,-3,61,2
447,2,-6,-9,-21,-12,-23,10,-2
469,9,-1,-2,-12,0,5,-12,4
469,-8,-3,-8,9,-4,-6,5,4
469,-9,-3,2,-1,1,10,-10,-11
469,-22,-13,-7,-20,-4,13,-11,6
491,-2,0,-4,10,7,-3,11,3
491,-5,4,15,34,36,7,-1,-2
492,4,-13,32,-22,-69,-22,-25,1
492,-15,-10,-5,3,-6,8,-5,-8
507,-6,-7,11,14,9,-7,-10,-4
507,4,-14,-9,-34,-9,-3,8,1
507,-14,-18,-8,-20,27,5,-1,13
507,-31,-16,10,27,14,12,1,-4
528,34,1,-29,-35,-26,0,4,3
528,-10,4,4,5,11,-1,-5,-7
530,6,3,-9,19,36,4,2,-1
530,-27,-14,-4,-60,-61,-6,-16,-13
551,-17,0,-11,42,16,2,1,4
551,1,-2,1,-9,-42,-14,-3,-3
551,-9,-8,7,51,2,4,-5,6
551,26,11,7,22,24,4,8,5
567,1,27,-15,9,3,-4,-8,-10
567,2,-13,30,-12,-7,1,2,-1
567,11,26,23,15,-2,0,-4,4
567,19,16,-11,10,19,8,9,15
588,-11,-27,3,-26,-11,-6,-10,-12
588,-68,0,-5,30,7,2,6,8
589,74,5,-1,-13,-6,-2,-4,2
589,5,0,-5,-15,10,-3,-11,-23
612,-29,-1,0,-20,-5,7,3,16
612,13,-3,-12,4,-3,-4,-4,2
612,-19,-6,-23,3,16,0,-4,-8
612,0,7,7,-63,-41,-11,-4,4
626,4,-8,25,46,-5,0,1,-4
626,12,-8,-15,5,12,-1,-1,4
634,-11,0,-15,-20,-14,-9,-10,-10
634,9,14,-15,11,15,1,2,0
648,12,5,11,-23,1,-3,-9,5
648,0,-3,11,12,13,1,-2,-15
649,4,3,2,29,11,6,7,6
649,-12,-11,-50,-94,15,4,-11,-5
672,2,-14,-3,1,-12,-8,0,2
672,14,17,-3,-6,-18,-5,12,12
672,-17,-3,-10,-68,-3,1,-6,-13
672,11,-5,21,35,19,4,-2,0
687,-1,0,-25,-47,8,2,1,0
687,14,-3,7,58,9,-2,0,-2
687,-13,5,7,-9,-8,3,-1,0
687,6,-6,0,-1,-2,3,22,10
709,8,9,18,28,6,-9,-31,-2
709,-18,-1,6,-15,-9,1,42,-2
709,-5,-5,-13,-15,-14,-10,22,8
709,8,7,17,54,3,-6,-9,-3
739,-3,-4,2,-4,-7,2,1,-8
739,-1,-3,-12,-14,-2,4,-12,-5
740,3,0,-3,-1,1,4,-9,6
740,-4,-7,-1,10,-2,-3,5,-2
747,-7,6,2,-2,0,4,6,-1
747,11,2,-7,-25,-4,-2,-7,14
747,12,14,0,13,2,-5,3,-9
747,-6,-9,8,10,-6,-3,-7,-2
768,2,0,5,6,0,3,4,0
768,-7,8,6,9,0,-4,-9,-18
769,-7,-5,9,-4,-5,-5,-5,25
769,13,2,-6,10,-2,0,3,-6
791,-3,-4,-2,8,1,3,1,-7
791,8,0,-9,-18,-1,-2,0,21
792,-15,-2,0,10,-2,-1,-6,-8
792,0,-1,-4,-3,-1,0,0,2
806,6,0,5,29,2,-1,-3,-6
806,-4,-1,-5,7,-1,-4,-4,5
807,-9,-3,-2,15,-3,-1,-7,-13
807,-3,-3,2,7,2,3,3,8
830,3,3,-1,4,-1,-1,0,-6
830,-1,-1,-3,0,-4,-1,-4,-3
831,-5,-6,-21,-1,-3,1,-5,-7
831,1,-5,2,10,-2,-4,-2,-9
851,7,8,-23,-37,-1,2,3,4
851,-3,-4,-10,-7,-8,2,-8,-1
852,-3,-5,-3,-7,1,-1,0,-5
852,-7,6,20,31,1,0,-5,2
866,-4,-1,2,-41,-4,-1,0,-2
866,1,-2,-14,4,7,0,-1,-3
867,2,-2,-5,5,2,2,1,2
867,0,6,20,61,1,-2,0,1
889,-6,-4,0,6,-7,0,-3,-5
889,1,6,7,13,7,-4,-4,-9
889,2,-2,-4,-20,-12,-1,-3,0
889,0,-3,-4,1,1,0,-2,2
912,-4,-6,-6,-35,-2,1,-3,-3
912,8,2,1,8,5,0,-1,-2
913,-3,4,12,17,-1,-2,-2,-4
913,-4,-7,-12,-20,-4,-1,-1,-2
926,3,0,1,16,-1,0,-1,0
926,-5,-4,-1,-13,-5,-1,0,-2
934,-1,-1,0,-11,1,1,-3,-2
934,4,-1,-8,-29,-4,-1,-3,-2
949,0,-1,2,17,6,2,1,-1
949,-12,-6,2,-2,-4,-2,-5,-5
956,6,1,0,1,0,0,-1,2
956,-3,-1,-11,-10,2,2,-3,-3
971,-1,-2,5,18,-1,-2,0,1
971,-4,-4,-1,-4,-4,0,1,-2
972,-5,-1,-2,-5,-1,-2,0,-3
972,1,1,-3,-14,-3,-1,-1,-1
994,1,0,2,5,-1,1,-2,-3
994,1,-1,1,-9,-3,1,0,1
1001,-6,0,1,0,4,-2,1,-1
1001,1,1,-3,-4,0,-2,0,0
1008,-2,-2,-1,7,-4,0,-3,-1
1008,2,0,-2,1,0,-2,-2,-1
1009,-2,-2,-1,2,-1,0,2,-1
1009,-10,-4,-1,-7,-3,-2,-4,-1
1042,8,0,-3,-5,-1,-3,-1,-2
1042,2,0,-11,-30,-6,-1,-3,1
1042,-2,-2,0,-3,0,-1,-1,-1
1042,-4,-4,-5,-6,-1,-1,-2,-4
1054,-5,-3,1,9,0,1,-2,-1
1054,-3,-2,0,5,-1,0,-1,-1
1055,-2,-1,-3,-5,-3,-1,-1,-1
1055,3,-1,-2,-4,1,-1,-2,-3
1069,-3,-1,2,4,1,1,0,1
1069,-1,-2,2,4,-2,-3,-1,0
1069,-2,-1,0,-1,-1,-1,1,0
1069,2,1,-2,0,-2,1,-2,-2
1100,-1,0,1,0,-1,-3,-2,-1
1100,1,-1,0,-1,0,2,2,-2
1101,-4,-1,-1,0,0,-2,0,-1
1101,-1,-1,-1,-2,-3,-4,-3,-2
1122,4,0,0,0,-1,0,-2,-1
1122,1,-1,0,1,-2,0,0,1
1124,-3,-2,0,0,-1,-1,0,-1
1124,-3,-3,-4,-2,-1,-2,-1,-1
1144,-3,-2,0,0,-1,2,-3,-1
1144,-10,-4,0,1,-3,0,-1,-1
1146,-5,-2,0,-2,-3,-1,-2,-3
1146,6,1,-2,-2,0,-2,0,0
1150,-3,-1,-3,0,0,1,-1,-2
1150,1,-1,-2,0,1,-1,0,-2
1159,-3,-1,-2,-2,0,-1,0,0
1159,1,0,-1,-3,-1,0,-3,-2
1174,1,1,0,2,0,1,-1,-1
1174,-1,0,-1,0,-2,-1,0,-1
1176,4,1,-1,-1,-1,-4,1,1
1176,0,-1,0,-2,-1,2,-3,-1
1197,-1,-1,-1,-1,-1,-2,-2,-1
1197,0,0,0,0,-2,0,-3,-2
1198,3,-2,-1,0,-2,-1,-2,-1
1198,-2,-2,-2,0,0,-1,0,-1
1210,-1,-1,0,-1,-3,-2,2,0
1210,5,1,0,0,0,0,-2,-2
1219,-5,-2,-1,0,-2,-2,-2,0
1219,2,-1,1,0,-1,-1,-2,1
1234,-3,-3,0,-1,-1,0,-2,-2
1234,1,0,-2,0,0,0,-1,0
1241,-2,-2,-1,-3,0,0,-2,-1
1241,4,0,-2,-1,1,-1,2,0
1257,-2,-1,-1,-1,0,-1,0,-3
1257,5,1,3,0,-1,-1,0,1
1258,0,0,-1,-1,0,0,-3,-1
1258,-3,-2,-1,-1,-1,-1,0,-1
1270,1,1,-2,1,0,0,-2,-2
1270,-5,-2,-3,-1,-1,-2,-1,-1
1279,2,0,-2,-1,-2,-2,0,1
1279,1,0,0,-2,-1,-3,-2,0
1309,-4,-2,-2,-1,-1,1,-3,-1
1309,0,-1,-2,0,0,-1,1,-1
1311,1,2,-1,-1,-3,-2,-1,-2
1311,-4,-2,-1,-1,-3,-1,-3,-2
1317,4,0,2,-2,0,-1,-1,0
1317,5,0,-1,0,-1,-1,-2,1
1318,6,0,0,-1,-1,-1,0,-1
1318,-1,0,-1,1,-1,0,-2,0
1331,1,-1,-3,-2,-1,0,-2,0
1331,-9,-4,-1,-2,0,-1,-3,-3
1339,-2,-1,-1,0,-1,-2,1,-1
1339,0,0,0,0,-2,-1,0,-1
1353,-1,-3,-2,-1,1,-2,-2,-1
1353,0,0,-1,-2,0,-2,-3,1
1362,-1,-1,-2,-1,2,1,-1,0
1362,-5,-2,-3,0,1,-1,0,-1
1377,-1,-1,-2,0,0,-2,0,-2
1377,0,-1,-1,-1,-3,1,-1,-1
1379,3,-1,-1,1,0,-2,-2,0
1379,-2,-3,-2,-3,-1,0,-1,-1
1391,-3,1,-1,-3,0,0,-1,-4
1391,2,1,0,-1,-1,-4,3,-1
1399,-2,-1,0,-1,-1,-2,1,-1
1399,0,-1,-2,0,-2,-1,-2,-4
1415,-5,-2,0,-2,-2,3,-1,-1
1415,3,0,-1,0,-1,0,-4,2
1416,-3,-2,-2,0,-2,-3,2,1
1416,-1,-1,-1,0,0,-3,0,-1
1437,-2,-2,-2,-1,-1,1,-2,-2
1437,-1,-2,0,0,0,0,-1,0
1439,-1,-2,-2,-1,-1,0,-3,-2
1439,0,0,0,-1,-3,-2,-1,-2
1451,-6,-5,-3,-2,-1,1,-6,-3
1451,14,4,1,-1,-1,-3,-3,-4
1460,-1,-2,-2,-2,0,-3,0,-1
1460,-3,-1,-1,-1,-2,1,0,-1
1474,-2,0,-1,-1,-3,-2,-1,-3
1474,-7,-5,-1,-1,-1,-1,1,-2
1476,0,0,-2,-1,-1,-1,0,0
1476,1,0,0,0,-1,-2,-2,-1
1496,3,-1,-2,1,0,1,-3,0
1496,-3,-3,-2,-1,-1,-1,-2,-2
1498,-2,0,-1,-2,0,-2,-1,0
1498,-3,-2,-1,-1,-1,-1,-2,0
1511,1,-2,-1,0,-1,-1,0,-3
1511,2,0,-1,1,0,-2,2,0
1520,4,1,0,-2,-1,1,-1,1
1520,-2,-2,-1,0,-1,-2,-2,-2
1566,2,1,0,0,-1,1,0,-2
1566,-6,-3,-1,-1,-2,-1,-1,-1
1567,-4,-3,-1,0,-1,-1,-1,0
1567,1,0,0,-3,0,-1,1,-2
1568,-1,-2,-1,-1,-3,-1,-2,-3
1568,-3,-1,-2,-1,-3,-1,-3,-1
1580,-2,-1,-2,0,0,-1,0,-1
1580,6,1,-2,-2,-2,1,-1,1
1587,-5,-2,-1,-2,-1,0,0,-3
1587,1,1,-1,-1,-3,1,1,-1
1589,-1,-2,0,-1,-1,-2,-1,0
1589,-2,0,-1,1,1,0,-1,-1
1594,4,0,-1,-2,0,0,-3,0
1594,-2,0,-2,1,-2,0,-2,0
1596,-3,-1,-4,0,-3,0,0,-1
1596,-1,-1,-1,-1,1,-1,-1,0
1617,3,0,-1,-1,-3,-1,2,0
1617,-4,-2,-1,-1,2,0,-1,-1
1618,-2,-1,0,-1,-3,-3,-2,0
1618,-2,-3,-1,-1,0,-1,-1,0
1630,-2,-2,-3,0,-2,-1,-2,0
1630,-6,-1,-2,-1,-3,-1,0,-2
1639,1,1,0,-2,-2,-2,1,-1
1639,-3,-2,-1,-1,-1,0,0,-1
1662,0,1,0,0,-2,-1,-1,-1
1662,-1,-1,0,-1,1,1,-1,0
1663,-2,-1,0,-1,-1,1,-1,-1
1663,-3,0,-1,-2,-2,-3,-2,-2
1677,-5,-1,-2,0,-1,0,0,-1
1677,4,0,-1,0,0,-3,-2,0
1679,2,-1,-1,-1,-1,1,1,5
1679,-1,-1,-2,-1,-1,0,0,1
1690,0,-1,-1,-2,1,0,-1,-2
1690,-4,-2,-2,-2,-1,-3,0,0
1699,0,-1,-1,-1,1,-2,-2,-2
1699,1,0,1,0,-1,1,3,-1
1714,2,1,1,-1,-2,2,-3,0
1714,-2,-1,-1,-2,-4,-4,-3,-2
1716,-3,-3,-1,0,-1,-6,-2,-1
1716,-1,-1,-1,-2,-1,0,-1,0
1737,0,0,-1,0,1,2,0,-1
1737,-1,0,-1,-2,-1,2,0,-3
1739,-2,0,-2,-1,0,-1,0,2
1739,-2,-2,-2,-2,-2,-2,-1,0
1750,-2,-2,-3,-2,0,2,-2,-2
1750,2,1,0,-1,-2,-4,2,3
1759,-1,0,-2,-2,-4,-2,-2,-1
1759,0,-1,-1,0,-1,-3,-3,-2
1774,-1,-2,0,-1,-1,-1,0,-1
1774,-3,-3,-2,-2,0,-1,-2,-3
1781,-1,-1,0,0,-1,1,0,-1
1781,-1,-2,-2,0,0,1,-1,-1
1797,0,-1,-4,-1,-1,-1,-5,-2
1797,-2,-2,-2,-3,-1,-2,-2,-1
1798,-1,-1,0,-1,-1,-2,2,-1
1798,0,0,-2,-2,-2,0,-2,-1
1820,1,0,-1,-1,-1,-2,-1,1
1820,1,-1,0,0,0,1,-1,1
1821,0,0,-1,-2,-1,0,-1,-2
1821,-1,-2,-1,-1,-1,-2,-3,-1
1833,-1,-1,-1,-2,-2,-1,-3,-4
1833,1,-3,0,1,0,-1,1,2
1841,-3,0,0,-1,1,3,-1,1
1841,-2,-1,0,-2,-1,-2,4,-1
1857,0,-1,0,-2,-2,-3,-4,-1
1857,-3,-2,-2,0,-2,-1,-1,0
1859,0,-1,-3,0,1,-2,0,-1
1859,1,0,-1,-1,-4,0,-2,0
1879,-1,-1,-1,-2,-1,-2,-1,2
1879,6,2,0,0,0,-1,0,15
1881,2,-2,-1,1,1,-1,4,0
1881,-3,0,0,1,2,1,0,-5
1893,-1,-1,-2,-6,-4,-1,0,-12
1893,-9,-3,-1,0,-3,-3,-5,-7
1901,10,1,1,-2,0,0,7,44
1901,2,-1,0,-1,0,-1,-3,5
1916,0,-1,-1,2,0,-2,-3,-7
1916,0,-1,-4,1,0,0,-1,-3
1919,-6,-1,-1,-1,-2,-4,-7,-26
1919,-4,-3,-1,-1,-2,-3,-3,-13
1940,2,1,0,-1,-1,0,2,32
1940,2,-1,0,-3,-1,3,3,-4
1941,-1,-1,0,0,-1,-2,1,-9
1941,-1,0,-1,-3,-1,0,-2,-8
1953,-3,-3,-2,0,0,1,-2,-13
1953,-1,0,0,2,0,-3,2,3
1962,-3,-3,-1,1,-3,-3,-2,-3
1962,2,-1,-3,-2,-2,2,3,7
1976,-5,-3,-4,-1,-2,-3,-8,-9
1976,3,1,0,-2,-1,-1,7,-1
1979,-2,1,-1,1,1,0,-7,-1
1979,-1,0,-1,1,-1,0,4,-1
1999,0,0,-1,-1,1,6,0,1
1999,-3,-1,-2,0,-1,-2,-12,-18
2001,-4,-2,-3,-3,-4,-8,2,5
2001,0,-1,-2,-1,2,-2,-4,-7
2013,4,2,1,0,2,-1,2,-5
2013,-4,-1,-1,0,-3,1,-6,-29
2022,3,0,0,-1,-2,1,17,79
2022,-2,-1,-1,-2,-3,-5,-11,-8
2044,1,-2,-1,-1,1,0,2,-8
2044,-5,-2,-2,-2,-1,-2,-15,-32
2046,-3,-1,-3,-2,1,1,15,2
2046,-5,0,-1,0,-3,-2,13,-19
2060,3,0,0,-1,0,3,13,77
2060,-3,-2,-2,-2,-6,-13,2,-10
2061,-7,-4,-4,-3,-3,-4,-16,-60
2061,3,-1,-2,-2,0,0,8,79
2073,2,1,1,2,1,8,5,-36
2073,-6,-3,-3,-3,-2,2,-6,-2
2082,0,0,1,0,1,-3,2,9
2082,-6,-3,-4,-4,-5,-9,-16,-31
2096,-6,-3,-2,0,-3,-2,-11,-4
2096,8,5,1,0,3,7,10,25
2098,0,1,-1,0,1,0,-6,-23
2098,2,-1,0,0,2,-4,1,3
2119,-5,0,1,0,2,1,-5,-93
2119,2,0,-1,-1,1,5,18,93
2121,-4,0,0,-2,-1,8,2,-56
2121,-14,-7,-5,-5,-8,-10,-27,-45
2133,3,-2,-4,-3,-9,-13,1,16
2133,6,-1,0,0,1,-8,-22,-24
2149,0,3,5,2,7,14,15,-10
2149,-4,-2,-3,-3,-2,5,-2,-25
2157,8,2,-1,0,2,-4,-5,11
2157,-2,-2,-4,-2,-5,-2,-3,-16
2159,-6,-4,-2,-1,-4,-6,-25,-63
2159,6,5,3,4,5,9,0,-52
2180,-5,-6,-2,-1,-3,1,-5,16
2180,2,1,1,1,1,4,18,22
2181,-6,-2,-1,-3,-7,-11,-13,-37
2181,-1,2,1,2,2,3,12,12
2192,-6,-9,-4,-2,-3,-4,-12,22
2192,-1,-2,-1,-2,0,6,13,7
2202,2,1,-1,0,0,-4,3,-3
2202,-1,0,-1,0,0,-2,-1,12
2216,0,4,1,-2,-2,3,-4,-22
2216,-4,-5,-3,-5,-5,-12,-9,-21
2218,-3,0,0,2,2,1,-1,18
2218,-2,-3,-2,-2,0,-1,-7,-58
2239,5,2,0,-2,0,8,21,-26
2239,-3,-1,0,-1,-2,-2,-2,-95
2241,4,-2,-5,-4,-6,-11,-1,-17
2241,5,1,0,0,1,2,1,1
2253,-3,-7,-5,0,-1,-3,-7,8
2253,-15,-1,-1,-2,0,-1,-7,-46
2262,15,3,4,6,6,9,21,89
2262,4,0,0,-4,-5,-4,-11,55
2277,-1,2,2,0,-3,0,3,4
2277,-1,-4,-2,-4,-5,-5,-10,-13
2279,-10,-8,-5,-3,-6,-10,-9,7
2279,1,-11,-2,0,5,6,21,40
2300,1,10,4,6,5,1,-11,-28
2300,-1,2,-1,-3,-2,2,-4,40
2301,-3,-1,-1,-3,1,6,9,-1
2301,2,-1,-1,0,-2,-9,3,14
2313,-2,-6,-1,16,13,0,-1,-6
2313,0,1,1,2,-11,7,-2,-27
2321,-3,-2,-5,-12,-10,-4,-4,-50
2321,4,1,-1,-2,-1,1,1,66
2337,-3,-5,-5,-1,1,-7,-15,-71
2337,7,0,1,6,5,-5,5,105
2338,0,2,1,1,0,7,4,14
2338,-9,1,-1,3,4,-1,1,13
2359,-7,-6,-6,-9,-9,2,-9,-21
2359,1,7,0,0,1,0,4,-6
2360,8,-7,-2,-5,-7,-17,-7,52
2360,-1,4,-1,-1,2,4,1,-30
2373,-1,-5,1,-1,0,3,1,8
2373,1,5,-3,-2,0,4,-1,-52
2382,2,-1,1,6,4,-5,-5,38
2382,0,3,0,-3,-7,-4,-6,-34
2397,4,-3,-1,-4,-3,0,-2,41
2397,-11,-14,-6,-6,-3,0,-1,-5
2399,-6,0,-2,-2,-3,-9,0,0
2399,-1,-6,0,3,-1,-4,-3,-13
2427,-3,0,-1,-6,5,3,7,-10
2427,8,1,8,34,8,7,5,19
2428,11,16,-1,-32,-19,-7,-1,18
2428,-5,-6,-7,-14,-4,-7,-9,-43
2433,-9,-1,-5,-2,-18,0,-5,-31
2433,-10,-9,-2,2,12,-6,-8,-57
2441,11,-9,2,14,14,13,9,49
2441,-5,-2,-13,-9,-3,-1,-4,-27
2457,2,2,2,-1,0,-11,-5,-45
2457,3,-37,-1,-3,-9,0,9,9
2458,-4,23,8,6,-6,-7,-17,-107
2458,12,32,10,4,4,8,12,65
2480,-4,-2,-3,1,3,-1,-3,41
2480,-2,-15,-21,1,13,4,8,-4
2481,-23,-65,-5,-19,9,-4,0,-15
2481,-6,-23,-3,-9,-35,-4,-4,-29
2493,28,98,41,10,-5,1,-11,-66
2493,11,46,16,-19,-12,2,12,27
2502,12,4,-6,9,14,5,5,-19
2502,-9,-18,-14,3,28,0,-12,-103
2517,-11,-45,-34,-11,-14,-1,9,94
2517,6,-7,5,-7,-1,-7,-10,-14
2519,-11,22,-2,14,4,-4,0,75
2519,7,-30,3,-2,0,1,12,11
2539,-1,12,1,21,8,-3,-8,-86
2539,-2,5,-3,2,18,-2,-4,6
2540,-13,-6,0,26,-30,-2,-12,-29
2540,16,17,-3,-69,-26,1,9,43
2553,7,-15,19,-2,14,6,3,26
2553,-21,-10,-8,-3,-4,-4,-6,-52
2562,-12,-8,-1,14,14,-3,-11,-34
2562,20,18,12,39,9,8,15,40
2576,-3,0,-8,-11,-4,-3,-4,-32
2576,21,4,13,49,38,2,4,64
2583,8,12,16,-30,-58,0,7,-11
2583,-12,-6,-22,3,6,-7,-12,-36
2607,-18,-29,-1,7,0,-5,-2,-41
2607,-21,-3,-28,-34,-25,-9,-8,19
2609,11,6,7,31,35,2,9,36
2609,30,9,11,-4,-3,5,6,82
2613,-20,-4,-1,-21,-14,2,-3,-35
2613,-1,4,-24,-2,5,1,2,-64
2628,-47,-20,-8,-13,-10,-14,-19,-113
2628,19,3,4,20,18,6,10,70
2636,34,13,33,33,43,10,11,3
2636,-13,-8,-25,-36,-66,-8,-7,-54
2643,-6,-2,-4,-33,-13,0,-4,14
2643,-1,-2,-6,-8,2,-5,-18,-44
2660,-58,-16,2,11,30,-14,-10,-68
2660,37,-1,-15,-17,16,17,31,119
2661,21,4,39,-6,-33,-6,1,8
2661,-47,19,24,17,-13,-20,-30,-103
2673,48,13,18,28,26,21,22,76
2673,-32,-23,-27,-4,-24,-13,-8,-96
2682,-89,-29,-72,-72,0,-26,-47,-70
2682,106,37,28,-4,-2,22,53,48
2697,-34,-6,19,14,20,-2,-12,-78
2697,37,40,91,29,-2,12,19,44
2705,-61,-56,-88,-70,-45,-18,-28,-115
2705,8,-8,16,15,13,0,-3,24
2719,30,-5,-17,0,30,16,16,33
2719,-5,7,21,2,18,19,-7,-79
2720,35,4,14,1,-29,-24,6,-13
2720,-69,-27,-50,-23,-21,-47,-38,-128
2742,12,-26,1,21,16,12,20,15
2742,1,4,18,-2,19,5,-2,12
2748,33,26,-10,41,43,57,29,44
2748,-20,-18,10,31,23,1,-2,-22
2756,-5,26,-13,-58,-57,-28,-20,11
2756,-3,-1,-4,53,8,-22,-2,13
2770,9,-8,14,22,14,15,7,-7
2770,-10,6,-11,-37,9,1,6,11
2779,-34,-52,-36,-111,-68,-8,-12,-41
2779,57,25,12,-27,-19,0,5,55
2780,13,-2,-11,-5,19,-2,6,3
2780,2,-10,17,54,46,24,-6,-5
2802,-10,37,-14,62,1,-8,-10,-55
2802,-12,-7,2,-74,-47,-20,0,4
2803,-2,-14,25,25,3,-2,-12,-69
2803,-21,-32,-70,-91,-48,-5,-8,-24
2824,-43,-67,-1,15,-14,-13,-17,-35
2824,-11,25,14,47,15,-9,-23,-40
2826,65,77,66,116,66,11,22,51
2826,-33,-1,12,15,-20,4,-10,-17
2847,22,50,-74,-63,-32,-1,8,52
2847,-18,-24,0,-15,-8,15,7,-11
2849,-26,-7,17,-40,19,14,-7,-74
2849,-8,-11,-41,-19,-25,-30,-9,61
2877,24,-3,29,24,-9,-28,-7,-17
2877,-32,-29,-42,49,37,8,17,97
2880,6,5,46,15,-22,2,-11,-47
2880,-45,-37,27,45,56,57,10,-70
2880,60,72,-7,-76,-23,-33,5,59
2880,-10,-24,-4,-6,-79,-25,-26,-101
2884,-83,-95,-101,-49,-16,-42,-13,-9
2884,16,-90,32,13,12,1,15,19
2900,63,28,95,85,33,48,-10,-50
2900,-13,-74,-39,11,68,23,9,-49
2901,-3,-18,-27,-38,-32,-5,5,47
2901,6,59,42,21,-2,-3,-15,-10
2922,6,62,-24,2,-27,-16,-3,6
2922,48,71,43,23,-5,4,10,84
2923,-17,28,1,31,48,56,-5,-103
2923,-22,-11,-31,-44,-15,-42,-3,45
2935,-19,-65,-57,-23,-25,1,10,13
2935,7,22,-2,-27,-32,-84,-25,-52
2944,28,2,-2,-18,3,5,18,62
2944,35,60,-6,52,32,27,12,-13
2958,-30,-56,-4,-42,10,30,20,11
2958,-5,7,77,44,44,29,-12,-34
2967,18,-5,8,48,-3,2,5,38
2967,18,25,25,-13,-23,7,-1,-46
2982,-37,-53,-41,10,26,-3,1,0
2982,-8,-5,-38,-75,-32,-16,6,-12
2983,33,28,19,-7,-3,-9,-4,28
2983,-12,-10,-4,20,7,20,-9,-90
2995,-22,-25,-9,-19,-1,0,-4,-21
2995,4,6,-7,29,18,2,21,-15
3005,2,1,17,6,-46,-75,-22,5
3005,-19,-23,-24,-89,-71,-38,-21,-21
3020,11,19,19,58,37,26,6,5
3020,0,-4,-8,10,54,51,9,1
3021,-3,3,9,9,18,38,15,-3
3021,21,16,9,17,-25,-17,-10,45
3050,-7,-8,47,31,-34,-51,-13,-2
3050,-12,12,-24,-14,-15,15,1,-40
3051,5,-25,-25,-24,-7,-26,-3,29
3051,-2,0,-2,27,40,23,10,11
3055,6,8,0,0,24,43,13,-16
3055,-15,-16,-7,9,21,-20,-3,-65
3065,-2,17,-2,-34,-34,0,-7,-36
3065,-11,-7,7,15,-18,-34,-32,-74
3080,52,-7,-5,-23,-19,-20,16,109
3080,-25,-6,1,18,44,35,2,-21
3081,11,28,22,-43,4,65,3,6
3081,-23,-21,-19,-10,17,-49,4,-45
3102,-14,-8,-2,3,-39,-27,-20,42
3102,36,14,28,5,0,-33,-3,27
3103,-9,-1,14,19,21,38,9,-31
3103,-3,-14,-31,-60,-29,40,6,34
3116,-19,12,22,62,66,18,11,-5
3116,-31,-36,-61,-103,-118,-57,-30,-50
3125,46,43,0,49,21,-13,13,76
3125,-2,-9,24,25,38,40,6,4
3139,-13,-18,9,40,40,29,3,-65
3139,7,10,4,39,-6,-23,-2,-23
3141,-8,-40,-54,-69,-66,-56,-21,-17
3141,-8,-6,-60,-93,-24,-20,-9,-5
3161,-44,-1,44,43,34,64,-11,-106
3161,47,3,6,35,39,20,15,105
3164,-5,2,8,-13,-28,-35,-6,-93
3164,19,10,8,52,20,2,-5,-20
3175,-11,-3,-32,-33,-20,-13,-1,-23
3175,-20,-25,-32,-67,-47,18,0,-4
3185,1,9,68,110,47,4,8,-2
3185,9,11,11,24,19,-3,6,73
3199,5,-11,-41,-94,-74,-16,7,11
3199,-6,9,17,43,16,-35,-15,-2
3201,10,27,35,42,11,5,-20,-82
3201,9,2,2,95,61,10,21,62
3221,-9,-33,-63,-82,-71,-18,-5,-25
3221,-12,-10,44,-33,-4,18,8,-20
3223,-10,-21,-43,-66,-10,20,-5,4
3223,1,20,5,15,26,-8,-4,-34
3236,7,11,15,0,-18,13,3,66
3236,-7,-7,-21,-12,-32,-46,-8,-19
3251,-3,-5,-1,54,42,61,11,18
3251,-9,-13,-30,-88,-51,-72,-15,-53
3259,26,8,23,13,22,32,24,110
3259,-12,4,15,23,-3,6,-7,-33
3261,-7,1,-21,-5,-25,-45,-25,32
3261,9,-16,-18,11,-6,40,13,-15
3290,-10,1,1,31,31,-14,-10,-61
3290,0,1,-1,35,36,27,9,0
3291,-1,-3,-10,-4,9,-11,1,46
3291,15,9,11,-8,-20,14,4,6
3305,-6,6,-8,-23,-12,-23,1,-32
3305,-2,0,-4,16,13,12,7,104
3307,0,-8,14,-46,-19,-20,-6,11
3307,6,6,11,34,3,6,-15,-70
3319,-19,-11,-1,-29,-25,-15,-4,-26
3319,-30,-10,-23,-11,36,58,11,-41
3321,63,5,3,35,18,-30,3,42
3321,-5,2,4,-38,-69,-22,-14,45
3341,4,13,6,13,-3,-21,3,-1
3341,19,-11,22,-9,4,8,-3,-22
3344,-34,-13,-7,6,28,15,-13,-62
3344,16,11,20,19,23,37,24,25
3356,-3,1,-5,3,3,-19,-9,-37
3356,5,-1,-17,-15,-6,-1,9,-8
3365,7,-10,-5,-8,-14,-12,-9,-53
3365,8,0,11,-4,-13,-16,-5,38
3380,-3,-6,-33,12,11,13,-10,-63
3380,-62,-8,7,58,19,-13,3,-63
3381,44,14,37,-60,-16,-3,3,10
3381,-62,-11,-8,-72,-56,8,-9,-14
3402,18,8,0,12,26,9,-7,-8
3402,-7,-20,11,-6,11,-15,9,11
3403,-18,11,-20,-1,-50,-13,-7,-25
3403,0,-15,4,19,15,-25,-11,-46
3424,4,8,17,6,30,7,7,34
3424,5,2,-11,-20,-21,5,-10,-6
3426,-25,-14,-17,-1,30,40,13,19
3426,22,8,-16,-12,-12,-28,-11,20
3438,-9,-7,74,63,17,5,9,16
3438,21,12,-22,-23,-18,-15,-5,15
3447,-8,-10,-39,-12,-14,-23,6,23
3447,-8,-19,15,-12,-8,32,-10,-23
3462,16,26,-13,16,20,2,5,3
3462,1,11,-8,-30,-33,-63,-12,-4
3463,-15,-6,23,12,-24,-21,0,10
3463,-14,-8,0,32,36,29,-3,-30
3475,-8,-9,-11,-11,6,10,4,5
3475,15,2,-2,-7,-35,-25,4,23
3485,-6,1,-5,5,19,12,2,4
3485,8,2,11,17,7,-4,15,-5
3498,2,6,2,-3,-3,10,-2,14
3498,2,10,13,1,22,26,-5,2
3505,-4,-14,-15,-4,2,15,5,1
3505,5,3,-10,-4,-1,-33,-11,-14
3522,-5,-11,16,27,-7,-16,-14,-5
3522,-4,-5,-4,-30,-9,14,3,14
3523,-8,-3,-14,5,-4,-2,2,1
3523,6,1,4,-3,14,17,7,7
3544,5,10,0,12,5,2,-1,7
3544,3,-7,-6,2,3,3,-3,10
3545,-6,1,17,4,-15,-31,-6,5
3545,-3,9,-16,6,5,2,-4,-26
3559,-6,-16,-22,-49,-3,6,10,17
3559,1,23,12,22,1,15,3,7
3565,2,-18,-14,3,13,13,-1,16
3565,-2,-5,13,-3,-13,-20,-11,-9
3581,-4,0,-15,-11,-4,-1,-2,-40
3581,3,-1,7,-6,19,30,9,-19
3584,-8,-13,-31,-14,-12,-4,-12,-14
3584,18,14,10,1,-24,-34,5,11
3605,3,6,13,4,4,13,-1,41
3605,-4,-15,-19,19,18,8,-3,-52
3606,7,11,1,-7,17,11,1,-13
3606,-6,-3,39,27,1,13,-8,-20
3619,5,-4,-30,-45,-31,-21,1,23
3619,-4,-7,-14,-28,-12,-23,-6,27
3625,-5,10,19,-3,-2,-4,-14,-66
3625,3,0,-3,-1,19,19,20,88
3642,-8,-2,-7,21,8,11,-6,-3
3642,4,-2,4,14,-20,-29,-13,-4
3643,3,0,11,3,12,11,2,-6
3643,-3,0,-16,-35,-14,5,8,-8
3664,4,2,9,16,-12,-33,-7,1
3664,-4,-14,-7,19,10,19,2,-4
3666,1,12,9,7,18,11,13,45
3666,-11,-5,-30,-13,-1,13,-5,7
3679,2,1,16,-10,-5,-16,10,-5
3679,3,5,-2,-14,-10,-9,-24,-11
3686,-5,-9,3,22,-12,-13,3,-5
3686,-5,-2,-1,18,1,-4,-12,-22
3702,-4,-4,-21,-16,-2,-18,-6,-48
3702,5,1,10,16,24,12,19,46
3703,1,0,-22,-42,-15,14,-1,36
3703,2,5,13,14,5,24,-11,-24
3724,-4,-4,-3,-12,-8,-24,2,-26
3724,2,2,0,1,0,17,1,6
3725,-6,-2,2,34,3,-13,-5,-16
3725,-7,-4,-13,5,-3,-23,-6,-30
3739,9,-1,6,-22,-2,20,12,46
3739,-6,3,0,-3,-40,-27,-9,-18
3745,-12,-4,-7,-19,14,-1,-5,-2
3745,11,2,-1,4,17,12,13,1
3761,16,7,2,15,-6,6,-1,23
3761,-7,2,0,-5,37,33,6,-2
3764,3,-3,7,22,-26,-27,-2,-15
3764,-11,-7,1,-9,-26,-16,-15,-18
3784,-11,-1,-1,-2,1,11,4,-15
3784,9,5,-22,-11,-13,-20,-4,1
3786,-3,-10,-1,-2,22,16,10,8
3786,1,3,-7,6,11,7,1,-1
3798,-11,-8,2,19,-4,-4,-3,1
3798,-5,-2,5,31,29,17,2,-6
3807,7,7,-13,-69,-37,-21,-8,3
3807,-12,-4,1,-25,-37,-27,-16,-28
3821,7,-7,-4,26,44,6,5,8
3821,3,4,11,14,-38,7,-2,-2
3824,2,5,-9,11,30,12,4,-5
3824,4,-10,6,14,9,23,9,15
3844,-20,-4,-5,-14,-9,-27,-6,-5
3844,7,-1,5,13,18,8,0,3
3846,-18,3,7,10,9,1,0,-27
3846,38,12,1,-33,-30,-4,6,74
3859,-6,-4,-6,-2,-8,-14,-10,0
3859,-6,-7,-1,-6,27,14,7,6
3867,4,7,9,26,2,23,3,-10
3867,-17,-10,-16,-22,-32,-41,-9,-36
3882,1,-3,-4,0,-24,-17,-8,4
3882,6,2,2,-14,0,-12,1,9
3884,-6,-3,-7,2,17,15,6,7
3884,12,6,18,32,36,18,10,3
3904,2,0,-12,-3,-17,4,-6,-3
3904,-11,-2,-2,17,1,-22,-7,-19
3906,4,-5,2,-10,17,33,9,7
3906,-2,2,-7,-25,-20,-4,-4,-3
3918,-11,-5,-4,-24,-37,-33,-9,-17
3918,1,-1,7,-29,0,-18,-7,-6
3927,10,3,9,16,10,14,5,14
3927,-3,-5,0,15,28,28,8,-1
3942,1,6,9,14,16,10,2,-5
3942,-9,-5,-10,-17,-20,-10,-7,-7
3944,3,-4,6,-19,-35,-29,-11,6
3944,-6,-3,2,37,30,11,1,-10
3965,2,2,-7,-11,-1,5,1,0
3965,1,-1,-2,2,5,4,3,6
3967,0,1,6,-4,-4,6,-1,-1
3967,-8,1,-8,-8,-17,-29,-3,-9
3978,-4,-5,5,-4,2,-3,-9,-2
3978,2,1,-4,1,-11,4,1,12
3987,-2,-2,-7,-2,8,-1,-3,-3
3987,-1,0,2,-2,10,23,6,-1
4002,7,4,3,0,1,-3,5,8
4002,-4,-6,-6,-23,-18,-4,-3,-10
4004,-8,-5,0,20,4,-12,-7,-13
4004,5,4,-5,10,17,10,2,10
4024,1,-1,-4,-22,-13,1,4,10
4024,-1,-1,2,10,-11,-7,-5,-4
4026,-3,-5,-5,-3,-3,-12,-6,2
4026,-9,-1,1,6,10,-1,-4,-27
4038,12,3,0,9,18,19,9,22
4038,-5,-3,-6,-54,-30,-8,-10,-2
4047,3,2,-1,-2,-14,-16,-2,-10
4047,-2,-2,1,-9,7,6,4,-3
4062,-6,-1,-5,18,18,3,1,-8
4062,-2,-3,-5,-3,-18,-22,-4,-2
4063,2,-3,-4,11,-2,-6,-4,6
4063,-6,-4,-2,3,5,16,-1,-13
4086,5,3,6,0,9,0,6,19
4086,2,1,-3,8,11,13,4,12
4088,-2,0,-2,0,-10,7,-7,-6
4088,-2,-1,-3,2,-14,-13,-1,-1
4098,0,-4,-1,-11,-9,-9,-1,-3
4098,-3,-3,-15,-25,0,7,-4,-18
4106,-6,-5,5,29,18,3,3,13
4106,18,8,13,19,1,2,1,13
4122,-7,-5,1,7,8,9,2,-16
4122,1,3,2,17,-1,-28,-2,1
4123,-6,-2,-8,-45,-39,-25,-13,-12
4123,-7,-1,2,18,12,-3,2,0
4145,-6,-7,-7,-7,-3,4,-1,-2
4145,10,4,3,5,17,21,7,3
4146,2,4,3,13,9,17,6,9
4146,-5,-5,-6,-16,-14,-21,-10,-10
4158,-4,1,-4,-17,-9,9,0,3
4158,-14,-8,8,7,11,7,2,-12
4165,3,-3,5,26,-25,-27,-12,6
4165,2,-1,-19,-28,-19,-19,-5,1
4181,-9,-4,-2,-6,6,1,-6,-23
4181,4,-3,5,7,11,14,9,3
4189,-4,-1,-1,1,22,20,7,10
4189,-5,-2,-11,-31,-21,-20,-8,-8
4204,2,2,6,14,-9,-14,-8,8
4204,0,2,-1,11,0,-9,-3,2
4206,2,-3,-8,-15,-6,-2,2,-5
4206,-3,-1,-1,-4,10,22,5,17
4218,-2,-2,0,1,4,3,0,-12
4218,-2,-1,0,-8,-15,-21,-8,-5
4227,-1,-3,0,-7,2,-2,2,35
4227,5,1,7,12,4,6,1,-1
4241,-5,-3,-9,-17,1,9,4,0
4241,-1,2,2,25,16,32,5,2
4244,-2,1,-3,-9,-14,-32,-5,-22
4244,1,-3,-2,-12,-14,-16,-9,-3
4264,2,1,3,22,24,7,8,15
4264,-6,-1,-2,-1,-12,9,2,6
4266,5,3,-13,-26,1,1,-8,-16
4266,-1,5,32,10,-5,-4,2,8
4278,-2,-4,-2,13,0,-2,-4,-10
4278,-9,-3,-6,-5,-3,-19,-6,-14
4287,13,1,-1,15,18,22,12,27
4287,0,2,-10,-14,-3,4,0,-11
4301,4,5,7,-7,-9,-3,-2,23
4301,-4,-8,-8,-10,-7,-8,-2,10
4304,-1,2,12,34,21,8,-1,-5
4304,-8,-6,-12,-22,-24,1,3,-3
4324,1,-3,-6,-24,-13,-22,-7,-13
4324,4,3,2,2,12,0,-2,-5
4325,-7,-3,0,3,-9,5,0,2
4325,5,-3,-8,5,3,-11,-5,-5
4338,-11,-4,-1,-1,13,23,4,-18
4338,7,4,14,-2,-16,-25,-5,8
4347,-4,-3,-5,-1,-3,-1,0,-18
4347,-4,1,4,34,35,18,3,7
4369,3,1,-1,-42,-41,-16,-1,-5
4369,-5,-1,-11,2,18,12,-2,-8
4371,5,4,11,0,4,5,1,8
4371,-3,-1,-5,18,13,6,0,-1
4385,1,-1,-9,-25,-21,-15,-4,-7
4385,-4,0,3,-3,-11,-6,-1,1
4386,-3,-7,-6,-6,-7,-2,-6,-9
4386,3,0,-7,9,13,5,4,3
4407,0,3,4,18,7,11,1,-7
4407,-7,-3,-2,14,-3,-14,0,-7
4409,8,1,-5,-50,-25,-9,-7,6
4409,-1,-3,-3,-6,-1,-5,-1,2
4422,-1,1,7,22,8,6,2,0
4422,1,-6,-7,10,1,4,-4,2
4423,-4,0,3,-1,16,11,2,-15
4423,2,-1,-4,6,22,37,9,21
4445,1,4,8,22,-10,-44,-7,-1
4445,-5,-10,-17,-65,-55,-28,-18,-4
4446,-16,-6,-6,8,21,10,4,-14
4446,10,7,10,-13,-13,0,6,-18
4458,-1,-1,-8,16,18,19,3,7
4458,4,-1,12,13,22,15,2,7
4467,-2,1,-1,8,-6,-14,-9,-17
4467,-8,-2,1,-9,-8,-10,-2,1
4482,-2,-4,-10,-19,-15,-17,-6,1
4482,-1,2,-1,3,1,5,3,-10
4484,4,-2,-6,-13,2,14,3,8
4484,-3,1,8,24,2,-10,0,8
4504,0,-2,-1,31,21,11,-2,3
4504,-1,0,1,-21,-41,-19,-4,-4
4506,-3,-3,-3,5,0,5,0,-6
4506,3,-1,-2,-8,-2,-6,-1,1
4518,-3,-4,-10,-26,-11,-4,0,-4
4518,-2,0,7,48,37,9,7,4
4527,-3,3,11,-15,-16,4,-3,-15
4527,4,-4,-6,-12,-8,-7,-3,27
4542,-2,-2,3,7,8,13,4,-4
4542,2,2,-4,-6,9,-2,-3,-2
4543,1,0,-3,-2,-16,-14,-4,1
4543,-10,-8,-6,-7,0,-5,-6,-18
4565,2,0,4,-10,-14,-8,2,12
4565,9,2,-5,-13,7,16,6,2
4566,-4,-2,-2,9,1,8,1,-2
4566,1,-4,-6,4,27,13,-1,-2
4579,1,7,6,4,-37,-15,0,-4
4579,-8,-5,-1,9,-15,-23,-11,8
4586,7,-1,1,7,18,7,2,11
4586,-4,1,-1,-1,-6,8,1,-9
4602,2,0,1,4,25,19,4,7
4602,-4,3,-1,3,-1,4,1,-14
4603,-5,-3,1,-13,-13,-12,-3,7
4603,3,-1,-5,-9,-20,-10,-6,-8
4624,-4,-4,-4,-11,-4,-3,2,-5
4624,4,0,0,-5,6,5,0,9
4626,-1,-1,-7,14,22,0,-2,-2
4626,-8,-1,1,-7,-8,2,-1,-13
4647,4,-4,6,-13,-13,-20,-4,10
4647,0,-2,-9,-9,7,6,-2,-5
4649,-1,1,3,4,-11,-7,0,1
4649,-2,0,1,9,4,0,-1,-9
4662,-3,-3,-8,-3,3,3,-2,11
4662,6,-2,4,4,7,5,1,8
4663,0,-2,2,7,6,6,2,-6
4663,-3,-2,1,6,2,2,1,-3
4684,0,0,-1,3,1,-6,-3,-3
4684,-3,-1,-2,8,2,1,-3,-5
4686,-5,1,-5,-35,-20,-10,-3,4
4686,-1,-5,-14,-31,-18,0,-1,-2
4707,2,1,9,13,11,18,5,-1
4707,-4,-1,4,15,12,-2,0,3
4708,3,2,0,8,4,12,2,-5
4708,-7,-4,-5,-18,-27,-22,-6,-3
4722,1,-1,-6,-10,-5,-5,-3,-4
4722,-2,0,4,22,14,6,2,-16
4723,-3,-5,-4,-11,-2,4,-6,0
4723,2,1,1,-7,9,6,4,-9
4744,-4,-3,-4,15,-15,-9,-4,45
4744,4,1,-3,-19,-8,-9,-3,-9
4746,-1,-1,0,10,8,2,2,-9
4746,0,1,5,6,5,3,1,3
4767,-5,0,1,3,5,-6,-3,-17
4767,-6,-3,-6,-14,-18,-7,-2,4
4768,8,1,0,11,9,2,6,11
4768,-4,-1,-3,-12,-8,-3,-6,-7
4782,0,0,-1,14,18,5,1,-1
4782,-3,-2,-1,11,3,5,-4,3
4784,0,1,-11,-48,-30,-9,0,-6
4784,1,1,8,25,8,-6,0,0
4805,-7,-4,-1,-7,2,-3,-2,-22
4805,9,0,-4,4,7,9,2,12
4806,-7,-3,1,15,-1,-12,-7,-5
4806,-3,-1,-3,8,-1,-17,-9,3
4834,5,3,1,-11,2,7,7,0
4834,-5,-5,-13,-74,-37,1,-1,3
4836,4,0,4,45,28,15,8,9
4836,-3,-1,-3,-29,-21,-4,-5,1
4841,-9,-4,1,27,9,-7,-5,-36
4841,8,0,1,10,6,0,4,49
4849,7,3,-1,-24,-6,4,-4,-5
4849,-2,-2,0,23,22,6,2,1
4864,2,0,-2,-40,-25,-1,-7,-6
4864,-3,-3,0,3,-7,-15,2,-5
4866,-2,-1,0,15,15,0,-1,-8
4866,7,2,8,15,-13,2,-2,14
4887,-6,-6,-10,-24,-6,5,-4,-18
4887,10,6,-3,6,14,7,8,9
4889,-2,-1,8,7,-5,-8,-4,8
4889,-5,-2,1,29,29,0,0,-11
4900,-6,-6,-11,-65,-47,-11,-10,-8
4900,-8,-1,-13,10,18,2,-1,-21
4909,14,2,27,13,-6,1,4,27
4909,1,-4,5,-12,-2,8,1,-4
4924,-2,0,-6,22,8,0,4,10
4924,-14,-6,-3,12,6,-20,-12,-30
4926,-8,-2,-7,1,-27,-3,-2,16
4926,13,3,0,7,1,-3,-3,4
4947,10,4,4,13,14,12,12,12
4947,-9,-2,4,-16,-17,5,-6,-21
4948,-7,-2,-5,25,28,-1,-3,-8
4948,-7,-3,-6,-27,-37,-11,-3,-5
4961,5,1,2,18,13,4,5,12
4961,-8,-5,4,28,20,-1,-4,-21
4970,14,6,-4,-50,-30,0,-5,-2
4970,-9,-3,-8,-10,1,9,-1,-4
4984,7,1,6,31,22,4,7,6
4984,-8,-1,3,-4,-12,-7,-12,-16
4986,-11,-6,-9,-8,-6,-8,-4,-24
4986,4,1,-6,2,0,-3,6,9
5006,-5,-3,2,12,0,-10,-10,-8
5006,-2,1,2,-19,-14,11,8,4
5009,1,-3,-12,-10,8,18,2,6
5009,4,3,0,-14,4,-12,-1,-1
5021,-5,-5,-8,-7,-16,-11,-5,3
5021,6,1,6,15,7,4,-1,5
5029,-8,-3,-1,-16,-2,-3,-3,-6
5029,-5,-3,-2,-19,-5,5,2,-6
5044,-2,-1,-2,-6,-4,-5,-3,-5
5044,-1,0,1,18,18,-9,-3,-3
5046,-6,-2,-8,-23,-47,-11,-4,-9
5046,2,0,3,0,20,32,10,7
5067,-1,-2,-1,3,12,-9,4,-2
5067,11,2,1,-4,-11,-5,-1,16
5069,-2,-1,-4,6,5,-12,-4,3
5069,-8,-3,-1,14,13,4,-1,2
5081,6,4,-1,-18,-19,8,-1,-22
5081,-2,-1,0,10,6,4,4,29
5089,-7,-3,0,7,7,-1,-5,-25
5089,6,2,0,11,-5,-4,3,22
5105,-5,-4,-3,0,12,1,-5,-15
5105,2,-1,2,1,0,4,3,-8
5106,0,-1,2,3,-8,-6,1,-1
5106,-8,-8,-5,0,-17,-38,-18,-21
5126,1,1,2,1,6,31,4,15
5126,3,2,1,5,11,18,7,6
5129,0,-1,0,6,11,-11,-3,-15
5129,-4,-1,2,-24,-10,-8,-4,-8
5141,-4,-3,-7,-22,-16,-13,-7,-9
5141,-6,-5,-6,-22,-10,3,0,-10
5149,-8,1,3,-3,30,50,4,-14
5149,23,8,1,11,6,-7,21,89
5164,-7,-2,-2,12,-13,-29,-13,-54
5164,-4,-6,-4,-20,-11,-16,-9,-7
5165,-9,-8,-8,-7,-14,-3,-5,-3
5165,0,-5,4,15,16,16,0,-22
5187,13,6,5,7,29,25,5,6
5187,0,6,-4,-8,-26,-19,-7,25
5189,-5,-12,5,-17,-28,-31,-2,0
5189,0,-4,-6,22,5,7,-3,4
5200,-7,-5,-9,-30,-18,-10,-4,3
5200,0,-2,-6,4,3,-12,-2,-25
5209,-7,-8,-2,13,26,17,-10,-61
5209,15,5,4,-4,4,-10,17,73
5225,-11,0,-3,-19,-27,-8,0,-52
5225,22,5,0,18,11,0,-1,35
5226,-36,-8,-5,-14,-25,-13,-14,-64
5226,39,10,4,27,28,12,11,52
5247,2,7,6,1,12,22,5,23
5247,-23,-14,-5,2,-4,-12,-12,-25
5249,3,1,-2,-8,1,11,4,18
5249,5,25,1,-2,-11,-8,-13,-25
5261,7,-1,-13,-26,-18,-23,1,41
5261,-16,-8,5,13,21,-3,-7,-52
5269,-12,-22,-3,28,16,14,14,55
5269,8,2,5,-6,-22,34,-8,-35
5284,-7,-22,-4,-16,9,-11,15,12
5284,13,35,-3,-18,-19,-6,-5,-12
5286,26,32,4,18,-3,-19,3,9
5286,-36,-10,2,7,15,2,-10,-71
5307,-24,-4,-1,4,11,9,-3,-57
5307,51,1,15,43,43,21,20,77
5308,-11,-17,4,-17,-40,-10,-21,-57
5308,-7,-30,-35,-40,-28,-12,-5,-38
5329,-9,42,15,36,20,-9,-11,-44
5329,-61,-6,-12,-33,-34,-23,-19,-119
5332,93,30,10,12,20,10,18,101
5332,-42,-32,-12,-4,1,10,1,-89
5344,2,-23,-5,12,13,-12,-6,31
5344,-6,17,17,12,-18,13,5,-13
5346,0,13,-1,31,39,29,6,10
5346,-15,-9,0,-19,-42,-49,-30,6
5367,-13,-23,-4,-1,-16,0,0,-45
5367,10,-9,-6,-24,6,26,26,28
5369,20,35,-4,-5,16,-12,-8,-21
5369,-31,-14,6,29,4,5,-6,-78
5380,36,27,12,20,-9,-13,-1,32
5380,-42,-26,-4,2,11,-2,-18,-61
5406,4,-12,-1,19,-11,4,7,48
5406,47,11,-11,-50,-15,3,8,95
5406,-3,-2,0,6,3,8,2,3
5406,-8,-9,-2,-6,-14,-21,-6,-26
5410,-24,-11,-5,-3,17,-1,-3,-14
5410,-13,-1,9,6,3,-18,-11,-18
5428,7,1,-12,-26,-23,14,3,7
5428,-36,-18,-10,-5,14,1,-1,-9
5430,40,16,2,-13,-3,-1,-2,39
5430,26,18,21,54,33,12,6,5
5440,-25,-29,-10,-13,-32,-3,-9,-23
5440,20,7,-3,-23,-2,-18,9,17
5466,-13,11,3,-4,-26,-17,-8,-29
5466,-27,-4,-8,-35,-2,10,-7,-47
5466,22,6,2,14,19,-3,7,29
5466,10,-13,-2,16,-4,19,7,30
5471,-25,-28,-17,-26,8,-6,3,-31
5471,-30,24,14,35,0,-2,-10,-55
5486,27,15,15,41,31,20,12,-2
5486,6,3,-1,-37,-37,-14,-6,42
5489,0,-11,-5,-19,6,-2,-4,10
5489,-23,3,-10,-7,0,2,7,-41
5501,-33,-22,1,-26,-28,-16,-10,-51
5501,37,13,-1,-1,5,13,22,73
5509,-14,-4,-2,13,2,-15,-26,-23
5509,17,-4,4,16,11,20,24,27
5523,-3,1,-1,2,-23,-13,-9,17
5523,1,-8,-5,2,41,4,5,-8
5530,-46,-24,-23,-61,-63,-20,-20,-49
5530,20,12,7,15,5,-2,-2,30
5547,35,17,9,14,32,48,23,9
5547,-2,8,-1,20,8,-32,-5,41
5548,-40,-7,2,22,-7,-2,-12,-93
5548,7,-14,-13,-47,-32,-29,-8,58
5560,16,11,0,1,14,2,-2,21
5560,5,3,3,-14,-6,33,15,-33
5570,16,3,-1,33,54,16,17,3
5570,-18,-9,-1,-15,-24,-8,-7,-22
5584,-23,-13,-4,-4,-13,-35,-2,14
5584,53,10,4,1,-21,-1,-14,60
5590,-42,-9,8,12,-19,-6,-13,-40
5590,27,4,-12,-7,41,46,20,27
5607,-4,-4,-20,-53,-20,-13,-7,18
5607,-24,-12,2,51,0,-33,-15,-51
5613,11,0,-1,-50,-13,2,2,10
5613,-31,-13,-5,-8,-10,-8,-14,-49
5636,36,14,15,36,43,19,34,78
5636,-41,-11,-10,-10,-29,10,-11,-72
5645,63,16,0,-20,15,9,-6,72
5645,-25,-6,-1,-6,-5,-5,10,-29
5659,-2,-3,0,1,-16,-27,-2,24
5659,-2,0,3,2,6,-7,-7,-30
5661,-4,-1,7,24,11,-5,-1,6
5661,11,6,-4,-12,1,-3,-18,4
5667,-21,-6,-6,-15,3,29,5,-8
5667,-14,0,-4,-47,-25,-6,5,-8
5669,-28,-16,7,18,-5,1,-2,-46
5669,78,21,7,35,34,-10,-1,57
5689,-9,2,6,3,-19,-5,-4,-26
5689,-12,-1,-3,23,6,8,-12,-33
5691,-12,-7,-14,4,10,18,16,-7
5691,-52,-14,-4,-17,-14,-4,-18,-96
5703,40,8,9,44,57,-17,-5,69
5703,20,6,-1,-49,-68,-6,14,0
5712,-8,-5,-15,-22,-14,-8,-10,10
5712,-1,-4,2,18,12,12,4,11
5734,-8,-3,-5,17,-10,-25,-9,-18
5734,-14,0,4,-1,32,23,-2,-22
5759,23,2,9,9,-8,2,20,47
5759,-20,5,3,14,-3,0,10,-46
5759,39,12,4,-1,10,4,0,24
5759,-9,-6,-5,8,0,-5,-14,-53
5764,-9,-8,-21,-35,-21,12,16,-16
5764,-6,7,8,5,2,-20,-5,-10
5764,-21,-8,5,23,7,3,0,-25
5764,25,21,6,6,-2,-15,-12,38
5771,6,5,0,1,7,5,-2,6
5771,13,-17,-9,-6,-14,-1,15,39
5787,-27,-14,-12,-36,2,30,11,-14
5787,7,6,4,-6,12,-22,-6,11
5788,13,15,10,8,22,13,7,12
5788,1,22,1,16,-27,-26,-23,-21
5810,-11,-4,-8,-43,-33,-22,-6,-63
5810,-14,-37,-12,-13,-10,18,2,14
5811,-6,4,6,24,19,-2,-6,-18
5811,7,12,-3,-5,-4,-2,-9,-28
5824,9,4,1,1,14,10,16,35
5824,1,-2,-7,-13,-10,-7,-2,11
5838,0,-22,-1,0,15,4,-14,-44
5838,7,6,-1,13,-1,5,15,82
5847,-18,15,1,-10,-17,-20,-10,-41
5847,12,3,3,1,7,21,13,67
5848,-11,-2,1,21,32,-18,-14,0
5848,-17,-17,-8,-58,-43,4,-4,-23
5870,-27,-18,-11,4,-55,-41,-14,-74
5870,46,13,8,38,51,22,29,57
5871,3,9,9,9,-21,5,-20,-50
5871,8,-6,0,10,37,20,10,-6
5884,-16,-4,1,2,8,9,-3,-20
5884,1,1,-3,-2,-20,15,11,-22
5890,3,-5,-2,-12,-13,-41,-9,37
5890,5,-1,3,10,17,2,3,5
5914,-3,0,6,46,19,18,8,71
5914,-10,-2,12,24,-12,4,-2,-24
5917,1,-10,-21,-36,-13,-2,-10,-16
5917,-2,2,-4,-27,-25,-21,0,17
5929,0,-6,-6,-4,11,-10,-13,-39
5929,-2,10,15,31,28,22,9,-26
5931,-2,-12,5,7,-13,-8,-8,-87
5931,16,3,0,-8,1,21,12,42
5943,-8,-12,-8,-14,-9,-9,-3,11
5943,-4,-8,-16,-11,-8,-32,-28,-47
5952,-18,-11,-1,24,3,7,-2,-15
5952,4,-1,5,2,20,-1,5,-51
5967,5,4,-2,-19,-14,20,8,37
5967,-15,-11,-5,-13,-14,-21,-23,-24
5969,6,9,6,45,18,-9,11,39
5969,4,-8,-6,-30,-4,4,5,28
5990,-6,2,-2,-18,-12,-3,-10,-38
5990,0,6,7,15,22,16,11,11
5991,8,9,4,-34,-16,3,2,32
5991,-8,-6,-11,26,1,-5,-9,-21
6019,0,-10,-5,-10,-19,-7,1,21
6019,-5,-3,-7,-15,10,-13,-4,-16
6021,4,6,3,2,-10,4,4,-1
6021,1,-3,5,13,3,6,3,-29
6027,8,8,4,15,28,2,-2,22
6027,-7,-2,-9,2,-9,0,-6,1
6028,3,2,-6,-12,-24,3,-9,-26
6028,11,4,5,-3,-6,-10,13,-12
6049,-10,-7,-2,21,15,7,-7,-69
6049,-6,-4,-1,-7,0,0,10,-3
6051,-1,4,4,-4,-16,-17,-12,-5
6051,-12,-9,-6,-3,8,8,-10,-33
6064,15,6,9,10,13,7,29,71
6064,-5,-1,1,13,7,0,-12,-7
6078,0,-2,-3,27,23,7,8,50
6078,-5,-8,-10,-63,-73,-25,-21,-50
6087,17,2,-4,-21,7,6,31,76
6087,1,0,-5,-17,-12,-4,-11,-109
6089,5,4,8,35,19,12,5,-9
6089,-4,1,7,33,19,-1,-6,-12
6109,-9,-10,-8,-17,-9,-7,-9,-18
6109,-3,-2,1,10,9,-7,3,43
6111,0,1,-14,-56,-23,-5,-11,-43
6111,-15,-2,3,16,11,16,19,-12
6124,-5,-2,1,12,1,1,-15,-83
6124,6,5,9,46,-10,-6,10,58
6132,-1,-1,-4,-35,-15,2,10,-8
6132,-2,0,-3,4,10,1,-7,17
6147,-3,-2,-2,11,0,-3,-4,-11
6147,-3,1,4,5,17,5,2,-12
6148,0,4,1,8,0,3,-5,5
6148,-1,-4,-9,-24,-12,-14,-19,-57
6169,13,5,4,11,14,13,26,31
6169,-5,-6,-7,-24,-17,-17,-16,-59
6170,-3,-7,-3,-4,-4,1,0,-6
6170,-9,3,4,14,15,2,-5,-44
6183,0,-1,0,-2,-11,-5,6,61
6183,-8,-5,-7,-23,-10,-2,-15,-110
6192,20,11,7,11,10,11,22,25
6192,0,0,6,16,9,0,-4,21
6207,-11,-3,-5,-10,-12,-9,-18,-56
6207,-9,-2,-3,-16,-3,12,9,35
6208,3,-5,-2,2,-1,-11,6,4
6208,2,-5,-3,-4,-4,-4,4,55
6229,-10,0,0,-10,-9,-9,-23,-65
6229,3,0,0,7,39,10,28,45
6231,-6,-1,1,0,-32,3,-11,-59
6231,9,-1,-5,-2,-5,6,6,59
6243,-5,1,0,-8,-6,-18,-45,-106
6243,-3,-7,-7,-14,-4,-6,31,28
6252,-6,-9,-10,-14,-10,-12,-25,-27
6252,-6,0,2,8,4,2,16,5
6267,2,2,10,17,4,5,-7,-48
6267,0,1,-7,-5,-3,-1,-10,-34
6268,-3,-3,-4,0,14,14,-3,16
6268,20,6,24,20,-2,4,-2,-34
6289,-4,-4,-24,-22,-8,-8,5,20
6289,4,0,6,-6,-15,-13,-20,10
6291,-15,-5,-4,-2,6,9,-5,-23
6291,18,3,0,-1,8,-3,46,81
6303,-3,0,13,10,0,-1,1,-89
6303,1,-2,13,6,-6,6,-12,-34
6312,-7,0,-14,-39,8,-4,-38,-66
6312,-8,-6,-32,-9,-3,-7,54,66
6335,4,1,10,6,0,0,-12,-62
6335,2,-2,-19,-13,-9,5,15,81
6336,3,-2,-6,18,8,1,-5,31
6336,-11,-4,16,-16,4,0,-38,-30
6350,-4,-3,0,-4,-10,-12,39,-4
6350,-1,0,12,17,-1,3,-51,-66
6352,5,2,4,12,2,-11,25,50
6352,4,1,-3,-2,-6,-2,-15,5
6371,-9,-4,-4,2,1,12,0,26
6371,3,0,-3,-7,-3,-9,-8,45
6380,0,0,-5,1,2,0,21,15
6380,-6,-3,-6,-3,-4,2,1,-37
6386,-3,1,1,-2,2,1,-4,28
6386,0,1,-3,-2,-2,-3,0,-1
6393,8,1,1,-3,-2,-3,-2,4
6393,-8,-2,5,4,-1,-9,-17,-44
6409,-5,-3,-2,2,-4,0,9,11
6409,11,0,-10,-12,-3,0,10,-66
6418,-1,-2,10,7,3,2,4,-43
6418,-2,-2,1,4,-3,2,-15,-31
6423,-6,-7,-9,-6,-1,-10,-6,22
6423,-5,5,-1,-7,-5,0,0,-2
6432,1,1,8,3,3,5,6,29
6432,-2,0,-4,1,-3,-1,-9,-18
6447,-2,-2,-5,-5,1,-2,-18,22
6447,-5,-6,4,2,-2,-3,9,12
6461,-4,0,-6,4,0,-3,2,-12
6461,-3,-2,-3,-2,0,0,-8,7
6470,1,-3,0,2,-2,3,6,14
6470,0,-3,-2,2,4,7,-23,2
6471,-4,2,1,-2,-7,-13,14,-7
6471,-6,-4,-4,-2,-1,-3,7,-6
6483,4,9,-1,-5,-7,0,2,11
6483,0,2,0,1,2,-1,-10,-30
6492,1,0,2,2,5,4,8,2
6492,1,-1,1,1,0,1,6,55
6507,-5,-4,0,-3,0,-1,-5,-34
6507,2,-3,-2,-2,-4,-6,-1,36
6513,-3,-4,1,0,0,3,3,-3
6513,-1,-1,-1,1,0,-6,-2,-22
6529,0,-1,-2,1,-1,5,-6,-10
6529,1,-3,-1,-3,-5,-6,-1,2
6531,0,0,1,1,2,3,-3,-11
6531,-3,0,1,0,-1,-2,-8,-8
6552,-2,-2,-4,-2,2,1,-8,12
6552,-3,1,0,-3,-1,-1,17,-6
6554,1,0,3,-1,-1,1,-5,6
6554,-4,0,-2,-2,-4,-3,-4,-20
6566,2,0,-1,0,-2,-2,-1,13
6566,-1,0,0,-2,0,2,2,0
6574,-2,-3,-1,1,0,1,-10,-5
6574,-1,1,1,0,-1,-10,-3,-4
6590,1,-1,-2,0,0,2,3,1
6590,-3,-2,-2,-2,-1,-1,-4,-4
6590,-2,-1,0,0,-1,1,4,2
6590,1,2,-1,0,2,1,-7,-11
6612,0,-2,-1,-3,-2,-3,1,4
6612,-1,-3,-4,-2,-2,-1,2,-7
6613,1,-1,-1,-1,-1,-1,-3,1
6613,-1,-1,-1,-2,1,-2,-2,-5
6626,-1,0,0,0,-2,-2,-2,3
6626,-1,-1,-1,-1,-4,2,2,0
6633,0,-2,-2,-2,-3,-3,-3,-3
6633,0,0,-1,0,0,1,-2,-4
6648,0,-2,-2,0,-1,-1,1,2
6648,1,0,-2,-1,2,-1,-4,-5
6651,-3,-2,-2,1,-1,-2,2,0
6651,-1,-1,-1,1,-1,-1,-2,-5
6671,-1,-1,0,0,-1,1,-3,0
6671,0,-3,0,-1,-1,-1,-3,-2
6674,1,-1,-1,-2,-2,-3,-2,-1
6674,-1,-1,-1,-1,-1,0,2,0
6685,-7,-4,-2,-1,-1,-1,-1,-3
6685,1,-1,-1,-1,-2,0,-2,-3
6694,-2,-3,-2,0,-1,-2,0,3
6694,-3,-2,-2,-2,-3,-1,-3,1
6709,-2,-2,-1,0,-1,0,-4,-5
6709,-2,-2,-2,-1,-2,-1,0,-2
6711,-1,-1,-1,0,0,-2,-1,0
6711,-3,-2,-3,-1,-1,0,2,-3
6741,3,1,-2,-1,0,1,4,0
6741,1,-1,-1,-1,-2,-3,-6,-1
6742,3,0,-2,-3,-2,-2,4,1
6742,-2,-3,-1,-1,-1,-4,0,-3
6754,-1,0,-1,-1,-2,-1,-1,0
6754,-3,0,-3,0,0,0,2,-3
6755,-3,0,1,-1,-2,-4,0,1
6755,-3,0,-1,-2,-1,-3,0,-2
6768,4,1,-1,-1,2,-1,1,-1
6768,-5,-1,-2,0,-3,-1,4,-1
6769,-2,-1,-2,2,-1,-3,2,2
6769,-2,0,-1,0,-3,-2,3,0
6790,-1,0,-1,-2,-3,-3,-1,-2
6790,-3,-1,-1,-1,-2,0,1,1
6792,-3,-1,-2,-2,-2,-3,4,2
6792,-7,-3,-1,0,-2,-4,0,-1
6814,4,-1,1,0,1,-3,1,-1
6814,-2,-2,-2,-1,0,0,1,0
6814,1,-2,-2,0,0,1,1,1
6814,-1,-1,-2,-2,1,-2,-1,-1
6829,-6,-3,-3,-1,-2,-1,-3,-2
6829,-2,-2,-1,-1,-2,1,0,0
6829,2,1,1,-1,1,-2,3,-1
6829,-2,-2,-1,-1,-1,1,-2,-2
6851,-2,-1,-1,-1,-1,0,1,0
6851,1,1,0,0,-1,0,-1,-2
6851,-3,-2,-1,-1,-1,-1,1,0
6851,1,1,0,-1,-2,-2,-1,-2
6874,0,-1,0,0,-2,0,-2,-1
6874,0,-2,-1,-2,1,0,-1,0
6875,-3,-1,0,0,0,0,-1,-2
6875,-1,-3,-2,-4,0,-1,1,-2
6889,11,2,-2,-1,0,0,-3,2
6889,-3,-3,0,1,-2,-2,-1,-1
6889,-3,-2,-2,-1,-2,-1,-3,0
6889,2,0,-2,1,0,-1,0,-2
6911,-7,-4,-2,-2,2,0,-3,-2
6911,2,0,-2,-2,-3,1,-1,-3
6912,1,0,-1,0,-1,-1,-1,1
6912,0,-1,-2,-1,-1,-1,-1,1
6934,-6,-2,-1,-1,0,-1,-2,-3
6934,-1,0,0,-1,1,-1,-2,-2
6934,-2,-2,-1,-2,-1,-2,0,-1
6934,-1,0,-1,-1,-1,0,1,-1
6949,-2,0,1,-1,-2,0,-3,0
6949,-7,-2,-1,-1,1,0,-4,-2
6950,-1,-1,-2,-2,-1,0,2,1
6950,2,2,0,1,-1,-2,0,0
6972,-3,-1,-5,-2,-1,-1,-3,-2
6972,4,2,-1,-1,-2,0,-1,-2
6972,0,-1,-1,-1,-1,0,1,1
6972,0,-2,-1,-1,-2,-1,-2,0
6995,-2,0,0,0,1,2,-2,-4
6995,-2,-2,-2,-2,0,-1,-2,0
6995,-3,-1,-2,-1,-2,-4,0,-1
6995,-3,-1,1,-2,-3,-1,0,0
7009,3,1,-2,0,0,-1,-1,-2
7009,0,-1,-1,0,-3,-1,-5,-3
7010,1,0,-1,-2,-1,-3,0,-1
7010,-1,-2,-2,-1,0,0,0,-1
7032,-2,-2,0,0,-3,-2,-1,-2
7032,2,0,0,0,-1,1,2,0
7032,-6,-3,-3,-1,2,-1,-1,-2
7032,-1,-1,-2,1,-1,-1,0,0
7054,-1,0,1,-1,0,-1,-2,-2
7054,2,0,-1,0,0,0,-1,-2
7054,1,0,0,-1,1,-2,1,1
7054,2,1,-1,-1,-1,-3,-1,-1
7070,3,1,-2,-2,-4,2,-1,-1
7070,-6,-2,0,-2,-1,-2,-3,-1
7071,0,0,0,0,-3,0,2,-2
7071,-1,-1,-1,-3,1,-2,-1,-2
7091,-5,-3,-2,-1,0,-1,-1,-3
7091,-9,-5,-2,-2,-3,0,-2,-3
7092,-4,0,-2,1,1,-2,-2,1
7092,8,1,1,-1,-2,-1,1,2
7114,1,0,-1,-1,-2,-1,1,-1
7114,-2,0,-1,-2,-1,0,0,-1
7114,-2,-1,0,-1,-2,0,1,-1
7114,-4,-2,-1,0,-2,-2,-1,-1
7128,-1,-1,-2,-1,0,-3,-2,-1
7128,5,0,-1,-1,2,-1,1,0
7136,-2,-2,-2,-1,-2,-1,-1,-3
7136,-5,0,-1,-1,0,-3,0,-2
7152,1,-1,-2,-3,0,-2,-1,1
7152,1,-1,-2,0,0,0,-3,-2
7152,2,-1,1,0,-1,-1,0,-1
7152,-5,-2,0,-2,0,0,-2,-1
7166,-2,-2,1,-1,-1,-1,-4,-2
7166,0,0,-1,-1,-2,-2,1,-1
7190,2,1,0,-1,-1,0,-1,-3
7190,-4,-3,-3,2,-2,-1,-3,-1
7191,0,-1,0,-1,1,1,-2,-2
7191,1,-1,-1,-2,-2,-1,-1,-1
7193,-3,-2,-2,-1,-2,-1,-3,-1
7193,-1,-2,-2,-1,-1,-1,0,0
7211,-3,-1,-3,-1,-1,-2,-3,0
7211,0,-1,-1,1,0,-2,-2,-2
7211,1,1,0,0,1,1,2,1
7211,2,0,0,0,-2,-1,0,1
7226,-2,-1,-3,-1,0,3,-2,0
7226,-1,-1,-1,0,-1,-1,0,-2
7234,-3,-3,-3,-3,-1,-3,-3,0
7234,1,0,-2,-1,0,-1,-2,-2
7257,0,-1,-1,0,-1,-2,-2,-2
7257,2,1,-2,1,-2,0,0,-1
7257,-1,0,-2,-2,0,-2,-2,-1
7257,0,0,-2,-1,-3,0,1,-1
7271,0,-1,0,0,-1,-1,1,-1
7271,-3,-1,-1,-3,-1,1,-3,-3
7272,-3,-1,0,1,-1,-1,-1,-3
7272,5,-1,0,1,-1,-2,3,1
7296,-2,0,-1,-1,0,-1,-1,-2
7296,-1,-3,-2,-2,-2,0,0,-1
7296,-1,-1,1,1,-3,0,0,1
7296,-6,-1,-3,0,0,-2,-4,-2
7309,0,0,-2,-1,0,-2,-1,-2
7309,0,1,0,-2,-1,-1,-2,1
7310,0,0,-1,-2,0,1,-2,0
7310,0,-2,-2,-1,-1,1,1,0
7332,-2,-2,-1,-1,-2,-2,0,0
7332,-4,0,0,-1,-1,-1,-1,-2
7332,0,-1,-1,-1,-3,-3,2,1
7332,-4,0,0,0,-1,0,-1,0
7354,0,0,-1,0,-2,-1,0,-1
7354,0,-1,-1,-1,-2,-1,-2,0
7354,-2,-2,-2,-1,0,-2,-2,-1
7354,5,1,0,-2,0,-1,2,0
7370,-1,-1,0,-1,-1,-1,0,-2
7370,-4,-2,-1,-1,1,1,-3,0
7371,-2,-3,-1,-1,1,0,2,-1
7371,-1,-1,-1,-1,0,-2,2,-2
7391,-1,0,-1,-2,-2,-2,-4,-1
7391,-1,-2,-1,-2,-1,-2,-1,-2
7392,-3,-2,0,-2,0,3,0,0
7392,0,-2,0,0,1,-1,-2,-1
7414,1,0,-1,-1,-1,-1,-2,0
7414,0,-2,-1,1,-2,1,-2,-1
7415,1,1,-1,-2,-2,-6,-1,-5
7415,-2,0,0,-3,-1,0,1,10
7428,3,0,0,0,-2,0,1,-1
7428,4,1,0,0,0,0,-1,-2
7430,2,-1,1,1,0,1,-1,0
7430,-3,1,-1,-1,-2,-1,-1,-5
7451,-3,-1,-1,-2,-1,1,3,-5
7451,2,-2,0,-3,-2,-3,0,-1
7452,-2,-3,-1,-1,-2,1,4,13
7452,-1,-1,-1,0,-1,-3,-7,-6
7474,-2,-1,-1,0,-1,-3,-7,-29
7474,-2,-1,-1,-1,0,2,3,35
7475,3,0,-2,0,0,-1,-3,-14
7475,1,0,-1,1,1,-1,2,-2
7490,-2,-2,-1,-3,-4,-2,-3,3
7490,0,0,-3,-2,-1,-5,-5,-21
7491,-1,0,0,-2,-7,-5,-1,-9
7491,-2,-1,0,0,2,7,-1,2
7511,1,0,2,3,3,-5,-1,6
7511,0,-1,-2,-5,-1,3,0,-7
7512,-1,0,-4,-3,-5,1,0,3
7512,-1,0,-2,-1,-1,-1,-4,-18
7533,-1,1,-1,-1,-3,-2,0,9
7533,0,-1,-2,-2,-5,-5,-3,-27
7534,0,-1,1,1,5,-1,2,24
7534,0,0,1,1,-1,-1,-2,21
7551,-2,-2,-3,-2,0,0,-1,-4
7551,-2,-1,0,-1,-3,-4,1,-3
7551,1,-1,-1,0,0,0,2,31
7551,-3,-1,-1,-2,-2,1,0,-13
7572,-1,-1,-1,-1,2,-1,-2,17
7572,1,1,-1,2,0,2,-4,-27
7573,-2,-1,-1,-1,0,3,0,-17
7573,-2,0,0,-1,0,-7,-1,31
7602,1,-1,-1,-1,1,3,6,3
7602,-4,-2,0,-3,-7,-2,-10,-12
7603,-3,-1,-2,-2,-1,-2,-3,-25
7603,3,-1,-1,-2,-2,-3,7,51
7609,-1,-1,-1,-1,1,0,-5,-25
7609,1,1,0,1,3,2,-1,7
7609,-1,-1,-1,0,3,-1,-3,-19
7609,-3,-1,-1,-2,-9,-1,3,-26
7631,1,-2,-1,-1,-1,-5,-2,21
7631,-3,-3,-1,0,3,6,-5,11
7632,1,-1,-1,-3,-3,-6,8,8
7632,-4,-2,-1,-4,1,-1,-12,-6
7654,0,1,1,0,0,-2,13,-27
7654,0,-1,0,0,-1,-3,0,2
7655,3,0,-2,-1,-4,0,-1,-9
7655,-2,0,-2,-2,-1,0,0,-45
7669,2,0,0,-1,0,-2,-4,51
7669,-4,-1,-2,-2,-1,2,18,19
7670,0,1,-1,0,3,-3,-11,-15
7670,-2,1,0,2,1,-3,6,-16
7692,-3,-7,-4,-3,-9,-3,14,-12
7692,-1,1,1,-3,2,2,-12,-7
7692,2,-2,2,1,-3,-4,3,17
7692,-7,-4,0,2,1,6,-7,-20
7713,-4,-3,-4,-2,-2,-3,-5,-7
7713,1,0,2,2,-4,-4,-4,20
7715,1,2,0,-2,-1,6,-2,49
7715,-6,-6,-3,-2,0,-3,2,-6
7730,5,4,-1,-2,0,0,0,0
7730,-1,-4,-2,1,1,-2,-2,-17
7731,2,3,0,-2,-1,-1,-4,40
7731,-1,1,-2,-2,-3,-4,-3,-93
7751,3,0,2,0,1,4,3,103
7751,-5,-3,-4,-3,-1,-4,-7,-106
7752,-4,-3,-1,0,1,0,12,42
7752,16,3,1,0,2,2,14,84
7774,-8,-1,-2,-2,-4,0,-12,-100
7774,-2,-4,-3,-2,-2,-4,-9,30
7774,-8,-4,-2,-1,-6,-5,-5,-62
7774,3,1,-3,-1,0,-2,5,66
7789,3,1,2,2,4,3,-4,-36
7789,5,-4,0,0,1,3,-1,17
7789,-6,-7,-2,0,0,6,-3,-48
7789,-6,4,-2,-1,-4,-7,-12,-35
7811,-1,-6,-7,-5,-7,-9,-15,-39
7811,2,-2,1,3,0,2,18,95
7812,3,11,0,-1,2,4,-7,-45
7812,-2,-3,1,1,6,6,22,31
7834,-7,-3,0,-4,-2,-2,-3,-28
7834,10,0,-1,-1,-2,-6,-15,-30
7835,-12,-11,-4,-3,-4,-11,-12,-12
7835,6,12,-1,-2,-4,-4,0,19
7849,6,0,0,2,2,5,17,50
7849,-6,-7,0,-3,-2,-1,-9,-70
7849,1,2,-1,0,0,4,-7,-99
7849,-7,-4,1,2,1,-4,-1,51
7871,3,0,-1,-2,-7,-7,-6,26
7871,-9,-2,-3,-4,0,4,9,-20
7872,-6,-12,-3,9,-3,-2,-15,-21
7872,7,-4,-3,-11,-7,-3,4,1
7902,-2,0,1,1,2,0,9,-7
7902,-10,2,-1,0,1,-5,-15,25
7903,8,2,1,1,-1,-2,6,14
7903,-6,-4,-1,0,-6,-5,-24,-33
7908,-2,1,1,4,5,1,13,29
7908,-8,-2,-5,-3,-3,1,-9,-49
7916,2,-1,-1,-2,-2,-2,-4,-22
7916,23,9,2,0,2,0,26,49
7931,-12,-2,5,-1,-6,-1,-12,-118
7931,17,19,3,3,1,-1,-2,-48
7932,1,-4,1,-2,-1,3,0,56
7932,-10,-6,-4,-1,0,-3,1,-53
7953,2,-1,-3,-2,3,3,3,69
7953,-5,-4,-7,7,3,-8,-6,17
7955,6,5,2,-16,1,3,3,66
7955,-2,0,5,9,-4,-3,-8,-73
7968,-3,-4,-5,-6,-5,-3,4,79
7968,-12,-4,3,1,1,3,-17,-109
7969,15,11,-1,-1,9,-3,9,52
7969,-10,-6,-5,0,-16,-5,-13,-83
7991,-7,-4,1,0,0,-7,-3,-11
7991,-2,0,-4,-4,-3,2,-4,-21
7991,0,1,-1,5,3,2,-5,-8
7991,-11,-10,1,-10,1,-1,-5,-48
8014,-6,1,-1,0,-2,-6,-16,-125
8014,24,17,6,3,-1,10,36,121
8021,-4,-3,-1,1,-5,-2,-8,-77
8021,-4,-1,-5,0,-1,-3,11,18
8028,-5,-1,-4,-2,-1,-6,-15,-25
8028,-1,-6,2,-5,4,2,1,9
8029,7,3,3,14,15,10,10,30
8029,-16,-3,-2,-2,-26,-9,-9,-43
8060,8,-3,-2,-26,-10,-2,7,-10
8060,-5,-3,-8,-21,-14,-7,-16,-80
8062,10,2,-1,-1,-1,1,20,65
8062,-2,1,-1,12,18,3,-5,-13
8074,3,1,2,14,7,6,-1,-10
8074,-2,-6,1,2,-3,1,5,38
8076,-21,-9,-5,-5,-14,-14,-23,-124
8076,3,0,0,-11,5,3,19,95
8089,3,1,0,4,0,1,4,17
8089,-1,-4,-3,1,4,5,-3,-1
8089,0,-1,-1,2,3,2,-3,-33
8089,3,-1,4,25,22,-2,-1,-14
8111,7,0,-7,-36,-44,7,1,-2
8111,-17,-10,-6,-10,-7,-24,-17,-4
8112,29,8,1,-5,-1,4,11,52
8112,1,-4,-5,-11,1,-3,-9,4
8142,-12,-2,-1,19,13,-4,-10,-103
8142,15,3,6,15,15,19,32,124
8142,-14,-6,-5,-6,-1,-2,-13,-121
8142,4,-1,-1,-22,-16,6,15,31
8148,8,3,-3,3,11,-8,-5,74
8148,-4,-1,2,22,6,-2,-8,-55
8156,-18,-3,-1,-13,-8,0,-7,-18
8156,14,3,0,8,14,10,5,39
8171,-9,-2,2,-6,-13,-13,-7,-31
8171,-13,-9,-15,-59,-25,-6,-6,5
8172,-5,-4,0,17,-11,-22,-5,-9
8172,6,4,1,22,17,12,5,52
8194,3,5,16,25,22,13,0,-17
8194,9,3,-11,6,-12,-5,-9,-66
8195,-15,-5,-4,-4,-26,-16,-9,-42
8195,-16,-6,-8,-54,-13,3,1,-27
8217,7,-1,6,20,26,-6,5,15
8217,-2,2,24,29,40,14,-7,-20
8217,7,-2,-15,-22,-20,2,9,74
8217,3,1,-1,10,-11,11,4,-38
8231,-8,-5,3,-17,-12,-14,-5,1
8231,1,-5,-15,-1,-26,-9,-2,-2
8239,-15,0,23,58,44,1,0,-29
8239,23,11,12,-3,-35,0,-12,-5
8270,-7,-3,-30,-18,-7,13,8,-25
8270,0,-3,40,59,15,-17,-5,34
8270,3,-7,-30,-51,30,1,4,7
8270,-17,-8,-31,-50,-30,-9,-14,-74
8272,-1,-6,0,19,46,33,11,-24
8272,-2,-4,-18,-117,-109,-31,-8,-60
8276,9,0,19,16,11,3,4,35
8276,-1,4,10,-1,38,11,9,-77
8300,-6,-1,-6,11,18,-19,-8,30
8300,14,6,-2,37,18,52,17,37
8301,-16,0,0,-17,-48,-23,-27,-27
8301,7,-3,-9,-15,-24,-60,-17,32
8313,-14,-8,-13,-1,-14,-2,-9,-23
8313,-14,-13,-1,2,25,17,7,-24
8321,16,8,5,26,4,9,13,9
8321,10,30,11,28,14,12,-3,4
8328,13,10,18,-4,13,7,-2,19
8328,4,5,-3,23,47,49,8,30
8336,-6,-8,7,10,-32,-24,-2,-13
8336,-20,-19,-20,-22,-46,-73,-35,-9
8352,-5,-15,-15,4,7,-11,15,54
8352,-13,0,4,17,15,-7,4,-90
8352,23,9,39,-25,-6,40,3,-40
8352,10,41,43,66,27,15,12,36
8374,-4,-3,-39,-46,-41,-4,-11,-22
8374,-11,-5,-18,16,23,18,-9,-18
8374,-16,-32,-51,-33,33,-2,4,46
8374,-13,-29,25,25,-31,-11,6,-41
8396,42,66,-7,-45,-48,-23,-9,15
8396,-49,-95,-64,15,-11,-44,-6,30
8397,-19,4,11,-18,-16,-1,-3,-22
8397,48,-26,27,25,42,43,10,29
8428,19,70,62,49,51,39,-1,-16
8428,25,15,27,36,11,36,8,14
8429,-23,-30,-45,1,13,15,10,5
8429,-50,-73,-123,-21,-73,-78,-39,-63
8450,-9,1,10,-67,-68,-44,-11,-9
8450,13,22,87,81,56,12,-1,-19
8451,-5,-7,12,-39,-5,25,-7,-13
8451,15,27,24,57,125,120,35,-6
8457,-6,-48,-65,-72,-73,-48,9,41
8457,-8,-5,-74,-94,-66,-40,-19,-12
8458,-3,-2,52,25,-12,-54,-11,-13
8458,-2,15,7,18,39,62,2,-44
8479,-3,-10,12,45,72,-35,14,47
8479,7,13,14,-73,-79,-4,-13,-23
8480,9,-2,-83,-32,-3,2,-9,3
8480,-2,4,18,-8,9,-1,18,25
8495,-8,-24,56,22,59,68,5,-29
8495,19,26,37,36,1,-4,-4,27
8501,7,19,-10,4,-56,-107,-40,-12
8501,-32,-15,-7,-15,-22,-20,-14,-84
8516,20,-13,-31,12,42,60,64,63
8516,15,14,-16,-66,2,25,9,-67
8518,9,3,7,21,10,53,-2,-21
8518,-8,-5,-11,-35,-24,-63,-7,3
8531,-13,-25,31,18,-1,-7,-7,-9
8531,-4,14,7,39,-14,-7,-8,13
8532,-3,-7,-32,-13,59,111,23,16
8532,-7,-34,12,-45,-99,-113,-7,37
8554,-13,4,-20,34,-20,51,-27,-32
8554,44,43,83,74,43,-3,12,31
8554,-5,29,57,105,54,48,0,-48
8554,13,11,-19,28,76,100,31,82
8577,-12,-11,-28,-28,-67,-95,-12,-14
8577,-14,-16,8,50,4,6,-2,-74
8578,5,1,-30,-101,-44,-21,12,-6
8578,-3,-22,16,10,4,-23,-18,-13
8591,-6,-6,-9,14,-11,94,-12,-49
8591,-5,1,-20,28,74,-102,-2,38
8599,5,7,-3,-46,-52,-47,-7,24
8599,-14,0,-10,-83,-87,-7,-4,-19
8614,1,-3,36,41,39,18,-10,-25
8614,-6,-9,-12,-34,6,40,-3,11
8614,-4,-10,8,17,27,31,7,-6
8614,11,19,-16,17,27,-21,12,25
8637,3,-4,21,-38,-34,-11,-13,-6
8637,2,15,-40,-69,-27,10,0,12
8638,-22,-37,-41,-19,-1,-48,7,-9
8638,7,11,86,93,21,73,-10,2
8653,21,21,-13,84,9,-55,3,-24
8653,-16,-19,-2,8,3,-18,-10,-73
8654,12,9,-25,-1,-31,-15,-6,23
8654,-9,-8,-5,-5,19,0,0,-46
8673,-8,-17,-14,17,6,-23,-1,-4
8673,-1,-12,-33,-104,-84,-10,-8,-5
8675,6,7,27,31,35,17,11,16
8675,-3,0,4,40,40,97,10,16
8697,-2,1,-2,32,54,-63,-7,-31
8697,-3,4,-3,-58,-51,-5,-3,41
8698,1,5,-16,-26,-35,-14,1,3
8698,-1,-9,-4,-57,-29,5,0,11
8719,3,-3,-2,-6,13,36,-7,-12
8719,0,14,4,21,46,6,11,7
8721,-3,-1,35,59,22,1,4,-36
8721,7,6,-31,17,-19,-53,-3,23
8733,1,11,-13,-102,-46,-23,-13,61
8733,-1,-12,-8,21,-17,58,4,6
8734,-4,2,62,20,-6,-56,-3,-33
8734,-24,-8,-17,53,17,-2,-15,-39
8757,0,-3,8,20,-4,59,7,9
8757,5,3,-5,9,40,-49,2,19
8758,-3,2,-9,-1,13,-30,2,22
8758,8,-1,7,-51,-76,-21,-13,-9
8780,1,2,-9,14,22,-3,-5,-15
8780,-4,-14,-3,-12,12,61,15,-5
8780,4,2,-13,15,38,15,8,24
8780,-11,-10,8,28,16,-24,-7,-45
8794,13,27,-4,-11,-9,-14,-5,-58
8794,-5,-29,26,77,13,-22,13,66
8795,12,-10,-11,-70,-91,8,-16,-1
8795,-4,8,-2,8,41,-15,-7,-14
8817,-15,-36,-7,-32,10,22,1,2
8817,-23,-1,-20,8,-6,44,-7,-11
8817,14,-7,-2,-10,-10,39,12,-13
8817,2,26,0,-42,-11,-38,-11,28
8832,-7,-15,-8,-37,-39,2,-6,-19
8832,13,2,-8,-8,-15,41,-8,16
8832,-14,-3,-6,26,17,-21,-9,-36
8832,9,9,-1,-13,84,78,21,4
8854,-11,-23,0,-59,-70,-20,19,81
8854,-3,3,-2,25,-13,-7,-24,-41
8854,17,28,43,0,19,14,1,0
8854,-8,-7,-24,9,-14,-95,2,-87
8877,-11,0,-8,-30,-34,-6,-27,-8
8877,-4,-7,-17,4,18,30,14,-5
8877,-3,-16,-10,34,39,27,6,41
8877,10,44,30,18,10,33,0,-23
8891,9,0,-13,5,4,-6,3,-32
8891,5,0,-2,-51,-47,-64,-4,50
8891,-13,-7,13,94,56,14,5,-35
8891,2,-14,-45,-100,-64,-7,-3,7
8913,-3,3,12,-2,5,14,-5,-30
8913,-4,3,6,2,57,51,3,-69
8915,12,-1,2,39,-5,-72,13,101
8915,5,8,-11,-27,-83,-75,-49,-43
8937,-11,-3,-9,-4,11,17,11,-15
8937,7,-5,5,0,72,61,20,63
8938,-2,5,6,41,10,29,5,-13
8938,-2,-7,1,-42,-38,3,-3,2
8951,-2,0,7,39,-4,-23,1,14
8951,-8,-1,-11,-15,-21,-50,-22,-69
8952,-5,-1,-8,-25,26,36,13,36
8952,5,6,15,39,25,22,9,34
8974,1,6,18,11,22,24,3,-19
8974,-3,-9,0,14,-12,-38,1,-31
8975,1,-1,-7,-43,-53,-37,-15,43
8975,-7,-17,-5,23,47,49,7,20
8997,5,8,2,15,21,-40,-5,-13
8997,4,8,19,-13,-96,-53,0,-11
8998,-13,-26,-24,-40,-21,-22,-30,-2
8998,1,7,6,15,51,70,24,-18
9011,7,7,5,33,34,61,-3,-36
9011,5,8,11,-14,-2,-66,8,-1
9012,-5,-8,-18,-20,-45,-21,-23,-12
9012,-4,-12,-1,-11,7,15,11,10
9034,-8,-2,-12,24,40,46,4,-6
9034,10,-7,25,27,34,-3,8,41
9035,-6,15,10,-15,-81,-41,-11,-50
9035,0,-2,-14,-23,-27,-50,-16,-9
9057,-1,5,2,17,31,6,9,34
9057,-9,-14,-14,-20,-17,-4,-3,-5
9058,4,-3,4,-62,-5,22,4,-22
9058,0,1,-1,22,21,8,-10,17
9071,3,0,5,26,14,23,12,10
9071,-1,7,1,11,-26,-49,-7,-1
9086,-11,-5,-35,-75,-31,-4,-19,-62
9086,2,-3,7,13,8,-2,25,98
9094,4,-14,4,-1,13,31,-2,55
9094,-4,8,-18,23,72,73,11,-25
9094,13,-3,12,11,-59,-55,1,12
9094,-4,7,-5,0,-12,-29,-25,-73
9117,-6,-5,-2,-16,-9,-30,-9,-27
9117,7,5,-8,25,5,43,13,47
9118,-8,-5,-2,-11,33,-1,-3,-2
9118,1,-11,-12,-11,19,54,6,-3
9130,2,5,13,52,-62,-109,-8,-8
9130,-6,-9,-16,-58,-75,-38,-39,-25
9139,3,6,-12,21,80,63,29,3
9139,-3,-4,2,9,26,39,10,31
9162,-3,2,0,17,3,-18,-13,-44
9162,-7,-6,-15,-39,-49,-35,-7,15
9162,-1,-3,22,14,18,23,9,18
9162,4,-4,-2,25,4,-2,-6,5
9176,-9,-5,-3,-6,-8,2,0,-15
9176,-9,-5,4,3,23,12,1,-42
9177,21,24,0,17,4,23,1,-6
9177,-3,6,9,18,35,17,21,15
9191,-4,1,9,-11,-42,-29,-9,1
9191,-3,-1,-3,-32,-31,-62,-21,-12
9199,-14,-22,-12,-11,-10,25,-3,-83
9199,12,5,-1,5,14,-14,12,85
9213,6,0,-8,0,29,81,6,-11
9213,12,12,15,-2,9,-33,3,6
9214,-8,-5,1,-3,-35,-59,-17,1
9214,-3,-12,-7,-13,-18,-25,-21,-30
9237,2,11,6,-25,6,24,7,-1
9237,4,2,6,8,40,53,16,6
9238,0,8,-1,-1,11,6,5,16
9238,-10,-4,-5,-2,-41,-52,-17,-20
9250,7,-2,9,0,14,-10,-2,36
9250,6,-4,-5,35,64,100,20,12
9266,-2,2,-9,0,-44,-51,1,8
9266,-17,-24,-2,-12,-36,-31,-22,-36
9273,32,35,8,56,30,-37,13,63
9273,-5,-5,-13,-75,-21,50,0,-30
9274,0,3,6,4,6,-28,6,64
9274,-11,-7,-8,4,-36,-11,-5,-40
9297,-11,-6,1,6,18,22,-3,-2
9297,2,4,16,2,-11,-39,4,4
9297,2,4,6,11,1,-39,-32,-14
9297,-3,-1,6,16,-12,-22,8,-19
9311,-4,-13,-5,-56,-23,7,1,3
9311,-3,2,-24,-7,34,50,10,-10
9319,1,0,24,23,20,40,11,-5
9319,7,6,-3,2,-10,-28,-13,2
9335,-15,-18,-6,2,-3,6,-12,-34
9335,8,7,13,24,11,-5,0,2
9335,-5,1,-10,12,27,33,6,-12
9335,4,11,-3,-77,-21,6,6,14
9357,-10,-21,-17,23,-19,-63,-28,-29
9357,-4,8,0,9,0,40,2,-12
9357,10,8,0,-13,-20,-19,14,36
9357,1,-5,3,-10,5,5,-10,-3
9371,-12,-8,-11,-29,-45,-8,5,0
9371,-7,-15,-10,30,-5,-47,-21,-21
9379,13,17,1,7,47,48,24,-15
9379,-1,10,3,8,44,91,12,6
9395,-4,-2,12,-27,-63,-84,-23,-35
9395,-3,-1,0,48,-4,-23,-9,19
9395,-8,-9,7,-4,16,34,13,-3
9395,2,-1,-24,-16,-3,-2,-11,-2
9417,1,-3,14,30,53,39,12,25
9417,2,-2,-5,-34,-40,-24,3,3
9417,-9,-16,-13,0,-23,-28,-21,-10
9417,0,-1,3,15,10,-21,9,-5
9439,10,7,2,32,34,41,4,54
9439,5,3,-6,20,-3,-18,5,-10
9440,4,-4,-30,-43,-5,5,-2,90
9440,-2,-4,47,8,-20,-37,6,-7
9454,-4,-4,-8,-21,-29,-10,-17,-33
9454,-1,1,7,28,48,26,13,16
9455,-3,-9,1,0,-8,13,-2,-17
9455,-6,0,-9,2,13,-10,-9,10
9477,3,-1,-4,-13,-4,4,7,-20
9477,3,10,8,-12,-6,0,-1,30
9477,-5,-6,7,29,43,60,12,-25
9477,4,11,-9,9,-37,-45,-10,11
9500,-7,-11,5,-34,-36,-13,-15,-64
9500,1,-11,-21,-20,-4,-4,4,20
9501,9,25,23,17,37,48,12,-16
9501,0,-6,-12,-17,-8,-27,-11,0
9514,-11,4,-22,-6,-14,-7,-14,-47
9514,8,-2,7,18,-13,-10,11,87
9515,-5,-15,14,60,25,-3,1,-18
9515,6,5,1,-30,-20,27,6,6
9537,0,3,-9,2,22,7,1,7
9537,-9,-6,-3,-11,-9,11,-3,17
9538,-1,-8,10,2,-8,-27,1,2
9538,2,4,5,28,16,17,-4,3
9559,-3,-9,-13,-21,-36,-18,6,10
9559,-6,-1,5,4,-3,-6,-23,-55
9562,3,5,-2,19,48,57,17,19
9562,-5,-3,-3,-9,-33,-31,-7,-15
9573,9,13,14,-13,-9,-35,-4,-3
9573,-5,-17,-11,-58,-39,-33,-28,-45
9582,-4,2,-6,-3,11,41,16,53
9582,5,0,19,38,53,16,6,15
9596,3,5,-16,-27,-28,21,2,5
9596,-3,-3,0,-8,9,-21,7,-9
9598,-7,4,-12,-31,-54,-52,-23,-20
9598,-9,-22,-47,-9,18,11,4,-16
9620,3,9,30,11,7,8,4,39
9620,0,-3,-8,11,23,40,14,42
9621,-1,7,6,-11,6,-52,-8,-40
9621,-2,1,-4,3,-56,-42,-24,-10
9633,-1,-2,-2,12,27,16,11,2
9633,-3,-2,5,2,-12,-25,-3,-44
9642,2,-4,-7,8,20,29,8,29
9642,1,1,3,-35,-11,19,5,-8
9657,-2,-9,-12,30,32,2,-12,4
9657,0,7,2,-45,-39,-24,1,-3
9659,-6,-7,-18,-32,-41,-38,-20,-32
9659,6,-8,2,3,6,4,8,41
9679,1,-6,0,-4,17,32,10,-4
9679,-1,3,5,49,44,17,6,-14
9680,-7,-2,-5,-9,-6,20,-5,-30
9680,-3,6,6,-10,-15,-27,5,0
9693,4,-10,-14,-10,-10,-20,-11,36
9693,3,1,3,-15,-18,-16,4,1
9702,0,6,9,13,12,-3,-3,-1
9702,0,-11,-2,-1,-15,52,4,-27
9717,-4,4,4,11,22,3,6,-3
9717,-3,0,-3,11,-3,-14,-12,-8
9719,5,-4,0,-2,-27,-22,2,-6
9719,-5,8,0,13,37,7,0,-7
9739,0,5,14,-6,-16,1,-2,-9
9739,1,-6,-6,1,13,17,8,14
9741,-7,0,-8,-3,15,22,5,-56
9741,8,4,13,12,-2,-33,-16,73
9753,1,7,-17,-14,-21,7,0,-33
9753,-2,-5,-23,13,8,-3,3,-3
9762,4,4,24,11,-8,-16,-3,-7
9762,-5,-8,4,-12,17,43,7,-4
9777,-7,3,-4,15,11,-6,4,12
9777,-3,-12,-11,-9,-22,-21,-15,-11
9778,2,-2,-9,-13,-21,-12,-6,19
9778,-2,2,-4,21,13,13,9,-36
9799,7,-4,17,27,25,6,3,74
9799,-4,-5,3,-16,23,45,7,-6
9801,3,4,-19,-17,-34,-46,-9,-4
9801,-7,0,4,-25,-35,-45,-16,-12
9822,-3,-4,-7,7,5,8,3,-19
9822,0,4,7,12,20,16,7,8
9823,-1,-5,7,4,10,10,-5,21
9823,-9,-3,-7,-24,-9,-7,-3,-19
9837,12,3,-9,-16,-13,-9,-4,3
9837,-3,6,16,22,13,-5,3,20
9839,-1,2,-25,-27,0,9,5,-9
9839,0,8,34,-6,15,18,4,-41
9859,-1,-16,1,0,-28,-17,-8,14
9859,3,0,-3,11,3,-19,-9,-10
9861,-1,-6,-8,9,-7,-3,5,14
9861,3,2,-13,-2,9,13,1,2
9873,-11,3,-15,-22,-1,10,6,-10
9873,4,1,24,-1,-23,-17,-5,-11
9882,-6,-13,-1,4,0,-30,-2,5
9882,-4,-3,-5,8,-2,5,-12,-2
9897,2,12,4,-1,14,17,4,38
9897,-4,-8,-3,24,4,4,6,0
9899,-6,-4,-1,-31,0,3,-4,-29
9899,6,7,-6,-21,-14,2,3,15
9919,1,-9,-6,-9,-22,-37,-10,-35
9919,-5,17,-13,-24,-22,-11,-8,-20
9920,1,6,24,11,34,20,9,40
9920,1,-6,-2,8,4,26,8,16
9933,-2,-2,4,6,10,11,-6,-34
9933,-1,-6,-6,-8,-31,-41,-7,0
9942,-9,-5,-13,20,6,-9,-19,-40
9942,4,11,0,1,6,7,10,34
9958,-1,-8,6,10,13,28,6,-38
9958,3,5,-4,-11,-12,-2,0,-1
9959,4,-10,3,-7,-41,-35,-11,15
9959,-7,-10,-7,4,4,-10,1,-35
9978,5,8,1,12,37,28,6,21
9978,2,4,2,-13,-25,2,1,8
9987,-9,0,-21,-13,-8,-20,-11,0
9987,-3,-7,-11,35,20,-8,-3,2
9993,-13,1,11,-17,-4,16,0,-17
9993,7,-2,6,18,25,15,5,12
2,-2,3,-22,-2,0,1,1,-15
2,1,-6,1,-32,-27,-20,-14,-16
17,-3,-7,-12,-18,-15,-14,-2,3
17,0,-3,-15,0,17,3,-2,-13
19,-7,3,35,16,2,18,10,7
19,5,2,1,23,26,12,2,-6
39,0,-6,-12,-29,-15,-11,-7,-21
39,-18,-5,0,-19,-24,-7,-5,-17
41,16,5,0,7,0,5,5,24
41,-19,-12,-3,35,32,4,-1,-14
53,36,12,4,-35,-35,0,1,19
53,-24,-8,-3,3,5,-19,-21,-63
62,47,19,4,-34,2,28,23,105
62,-3,-8,1,35,-8,-18,-4,-10
77,-18,-11,-1,-12,-16,-22,-8,-17
77,-2,-5,-8,-8,8,0,3,14
78,-34,-14,-15,-19,-21,-8,-8,-45
78,101,39,20,45,46,32,27,73
100,-43,-9,-4,-19,-8,2,-10,-66
100,-22,-11,-6,16,0,9,4,11
101,45,20,15,52,17,-6,-2,-4
101,-35,-3,-8,-65,-48,-14,-2,-4
113,19,-5,8,34,13,6,11,32
113,5,13,12,10,11,-14,-13,-23
121,-18,-20,-9,-12,9,12,3,-1
121,-22,-4,-12,-6,10,8,-6,23
137,-14,6,1,-6,-10,7,-4,-73
137,62,16,6,-12,-25,-3,8,53
151,-15,-3,0,15,0,-12,-2,69
151,-26,-6,-9,-6,4,-11,-4,-34
159,-22,3,-8,-16,1,0,-3,-9
159,-43,-18,1,0,-8,10,-1,1
161,8,-7,0,-2,9,0,-3,-77
161,-8,-4,-3,-23,-9,4,-9,-20
173,16,-2,-7,8,-14,-24,-6,31
173,-48,-2,6,18,25,-1,-8,-53
182,19,-3,-5,21,-18,-11,10,41
182,30,6,-9,-41,-28,0,-9,-46
196,3,-10,7,49,41,7,0,-24
196,10,7,16,18,15,4,-2,-5
203,-45,-13,-15,-16,8,27,1,-41
203,8,-1,12,-3,-4,-14,8,33
219,18,5,-5,1,-45,-25,-6,13
219,-2,-11,-1,7,8,-6,-10,-63
220,2,4,-7,-22,-11,3,4,20
220,-6,-29,-3,4,18,16,7,11
233,12,33,2,-25,16,10,7,1
233,7,-6,-6,11,-11,1,2,15
242,-12,6,4,-14,-4,-16,-14,-99
242,-22,-7,-4,7,-21,-15,-5,-4
256,-13,-12,-4,21,13,1,-7,-36
256,5,-8,-24,-19,-6,18,14,51
263,7,15,16,-4,7,11,0,-26
263,-11,4,12,66,8,-22,-14,0
280,-17,-14,-12,-71,-41,-15,-4,35
280,20,6,-4,6,26,14,13,34
281,-10,-13,4,35,-4,8,-3,-38
281,-1,-2,-14,-19,-7,0,2,42
293,15,13,10,21,15,9,5,10
293,0,-4,0,-6,10,13,-2,30
302,-29,-3,-4,-12,-26,-32,-22,-101
302,12,19,7,-5,-25,-7,6,9
316,0,-10,-7,8,9,-12,-6,-45
316,5,1,3,-16,-2,3,-1,-41
323,2,-1,-16,-31,10,13,0,13
323,-19,8,6,7,22,34,-1,-36
339,12,-9,3,-5,-18,-31,0,33
339,9,19,-10,-46,-49,-31,-15,-22
341,9,1,-4,33,13,1,8,31
341,-8,-16,-5,-22,1,19,6,-1
362,3,-10,-24,51,41,44,11,20
362,-6,12,16,0,-14,-19,-13,-7
369,-7,0,-5,-28,-30,-25,-12,-27
369,1,-6,-5,-9,11,-8,1,-11
376,-7,13,4,20,5,3,-5,34
376,-35,-23,0,9,10,1,-7,-81
384,35,1,4,2,-2,45,29,127
384,-9,9,11,6,-21,-24,-8,-46
399,-5,-16,-2,-32,-23,-26,-19,-31
399,-11,-9,-9,-13,7,6,0,-2
401,-15,-19,4,10,21,10,-1,-11
401,15,19,10,39,22,0,5,40
422,29,6,13,14,-7,6,18,84
422,4,-10,-23,-79,-34,-17,-13,-10
423,-14,-8,14,48,38,-4,4,-32
423,0,-15,-7,1,-25,10,1,-1
436,-9,-13,-10,-26,-5,-8,-12,-36
436,25,23,9,39,19,8,8,37
443,6,-7,1,-5,-21,-40,-2,12
443,-21,-21,-6,-33,10,20,-10,-34
460,-8,3,16,30,6,2,7,10
460,22,36,10,47,20,16,10,12
466,2,-4,-11,-26,-19,-8,-11,-12
466,-13,-12,-10,-40,-20,-19,-8,-2
482,-16,-5,-3,-8,22,18,0,-22
482,-11,-8,14,22,14,5,11,-35
483,1,12,-5,-9,-16,-2,-3,-17
483,-3,6,-1,23,1,-16,-7,-97
496,12,-21,-10,-16,-5,6,0,17
496,-5,-8,-4,28,22,-3,-5,1
504,-8,15,-1,-57,-22,-4,-4,-23
504,-2,-12,3,-11,-8,1,3,-15
519,-10,-1,3,-17,-18,-47,-15,-49
519,-6,-32,-20,-6,7,-7,-2,7
521,7,-5,15,27,-28,6,-4,-11
521,14,21,-1,15,21,-4,6,65
542,2,16,7,20,26,35,-1,-56
542,7,-2,9,20,4,10,12,36
543,-13,-9,-7,1,-9,-4,3,4
543,-2,-2,-11,-21,-22,-21,-13,-9
556,-2,6,-4,-17,4,2,-1,29
556,-4,-9,3,-1,10,9,3,-1
565,-21,3,-9,-28,-26,12,-1,50
565,40,13,9,20,14,39,22,32
580,-17,-9,-27,-32,-10,-34,-19,-36
580,4,12,13,-4,-19,-25,-2,0
581,1,0,7,15,15,-1,1,-8
581,-11,2,-1,9,10,-10,-11,-11
602,6,-1,-4,-9,-2,33,10,20
602,-4,4,-1,-3,14,34,-3,-29
604,14,7,-2,-16,-13,-34,1,43
604,-16,-22,0,16,3,-13,-2,-13
615,7,9,15,34,1,2,-6,-12
615,8,-5,-6,-1,-5,8,8,1
625,2,3,-14,-45,-8,10,2,-20
625,-7,-4,-2,-21,4,-15,0,19
647,-2,3,6,7,-12,-1,-7,-19
647,-12,-9,-4,-1,-17,-16,-8,-28
649,18,4,4,35,32,7,11,45
649,9,11,4,-8,22,32,13,-17
670,-3,2,4,7,2,-3,1,-4
670,-2,0,-2,-5,-53,-72,-22,-24
671,-7,-8,-6,5,4,-1,-12,-24
671,-6,-1,-12,-27,-23,0,0,9
676,0,-3,7,24,21,8,-1,7
676,6,-7,-15,-21,-2,31,7,21
685,5,5,16,29,22,-11,-1,-20
685,-15,3,-5,17,-14,-28,-14,-64
699,37,3,-2,-21,-12,4,16,93
699,-10,-1,-1,-17,-6,27,-7,-68
701,8,3,2,22,13,-25,2,-14
701,-37,-15,-13,-23,-2,13,1,-39
722,38,16,8,3,-15,-2,-2,5
722,6,6,13,9,12,6,6,18
723,-9,-7,-14,1,-15,-7,-10,8
723,-5,-8,9,-5,1,-16,-4,-8
736,-18,0,-10,2,2,22,1,-12
736,8,1,-6,-15,-9,6,11,41
745,-14,1,10,37,23,15,-5,-37
745,21,0,-1,-1,-10,-22,3,58
760,-28,-15,-9,-3,-14,-21,-24,-34
760,23,7,1,-1,7,13,-2,-67
761,7,4,1,16,36,40,27,77
761,6,-2,-4,-12,-27,-16,3,8
782,-19,-13,-2,-7,-15,-9,-14,-51
782,-22,-7,-8,0,13,-4,-7,1
784,17,4,-1,13,0,-16,4,12
784,3,7,2,4,-5,32,8,6
796,-18,-16,11,29,40,13,3,-16
796,0,-4,-9,-38,-18,-25,-6,21
805,6,-2,-5,-11,-15,-3,-5,-4
805,0,5,2,15,0,-25,-18,1
819,-7,-11,-7,2,9,-10,9,26
819,4,2,-1,-2,-4,17,-4,-8
821,-4,-10,7,3,18,40,14,-51
821,0,9,5,8,15,-38,5,4
842,3,2,-24,-79,-63,-11,-29,-40
842,8,2,1,-5,1,-9,4,32
843,-13,-3,3,20,-8,2,1,-29
843,-7,-14,-9,-19,3,-14,-22,9
855,-16,9,1,1,1,0,0,-41
855,20,8,3,19,4,1,1,-15
864,-24,-12,-26,-53,-10,5,-13,-60
864,23,8,17,33,18,31,31,27
880,-8,-1,9,21,-2,-17,-15,-25
880,-12,-10,-16,-25,-30,-23,-15,19
881,9,6,8,7,10,-16,1,40
881,-3,1,-6,34,20,20,5,-13
902,3,-22,2,29,26,27,0,-13
902,10,30,10,-17,-6,12,13,19
903,-7,-7,-12,-27,-33,-33,-20,-32
903,5,4,5,-7,-11,-6,12,69
915,-3,0,11,34,30,12,-2,-39
915,-4,-12,-5,25,-10,3,7,24
925,-20,-4,6,-6,-11,-10,-7,-31
925,24,3,-16,-14,8,-1,5,72
939,-5,9,2,3,0,-5,-20,-42
939,-24,-7,-2,-3,-8,-13,0,-10
946,16,11,8,16,12,-9,16,-20
946,-9,-6,0,-25,-18,26,2,19
961,8,3,-4,-1,13,12,14,57
961,-4,2,5,6,11,-9,-16,-33
963,-7,-6,-8,-39,-39,-25,2,27
963,-1,-5,-9,-7,-18,-18,-12,-26
975,7,8,8,-23,24,25,19,-3
975,2,3,12,61,13,25,-4,-21
984,4,1,12,7,16,-9,16,42
984,-15,-4,-22,-26,-31,-24,-28,-89
1000,4,5,-9,-11,-24,-10,-3,6
1000,-1,0,-7,-5,22,-7,-3,-58
1001,18,-1,8,29,50,64,16,6
1001,-3,-4,11,-15,-41,-43,-16,-26
1030,-11,-6,-3,-16,-31,-33,-21,-72
1030,17,0,2,-19,-10,-7,11,24
1031,-4,0,-20,4,3,36,-2,-32
1031,-1,5,-1,-10,34,2,14,40
1036,17,9,1,27,24,19,15,22
1036,-17,-14,18,-5,-35,-8,-12,-7
1045,1,3,6,13,8,-25,-10,16
1045,-11,-6,5,21,-16,17,-8,-61
1059,-3,4,-2,17,0,-19,-10,-20
1059,16,1,-20,-2,9,17,19,104
1061,11,-9,-23,-45,-17,8,9,11
1061,10,-3,31,11,18,2,13,-34
1082,-11,10,-8,23,1,1,-3,-2
1082,7,3,4,-27,15,6,-13,-48
1083,-15,-9,-9,-22,-30,-41,-24,-8
1083,-2,-10,-15,-12,-36,-30,-13,-16
1096,-10,-10,-1,-15,5,0,1,-51
1096,3,-2,-3,12,16,31,27,69
1105,-1,7,4,29,28,9,-8,22
1105,-4,0,-9,-14,-16,-15,0,-22
1118,6,-4,-2,-26,-28,-16,-15,21
1118,3,-2,4,22,3,-8,6,58
1126,-11,3,1,-11,-13,-9,-7,-45
1126,3,4,-1,27,39,26,1,77
1142,11,1,4,-2,3,9,13,74
1142,-7,-6,-3,-3,0,12,-6,-73
1143,-9,-5,-5,-39,-37,-36,-17,-42
1143,10,9,-3,39,22,21,17,5
1156,10,1,-14,-64,-25,9,4,-1
1156,-23,-5,4,14,32,7,-5,-72
1164,-6,2,7,21,-24,-21,6,-16
1164,-19,-6,-6,-3,0,5,-24,-59
1180,2,2,7,9,3,-20,9,27
1180,5,-2,-9,-4,2,8,-11,-48
1181,-9,2,-7,-10,-4,-22,-1,-2
1181,19,-2,12,-4,19,48,31,51
1209,-9,-5,2,5,5,-6,-7,-27
1209,-17,-5,-6,-34,-24,-26,-21,3
1210,4,1,2,-8,-3,5,-9,13
1210,6,3,-2,14,20,21,13,72
1216,1,-4,-3,5,4,1,11,-23
1216,-13,-3,-4,7,15,18,12,-32
1224,-12,-9,-4,21,-9,-16,-13,-26
1224,-3,-3,-12,-40,-24,-6,-6,-30
1239,-8,-14,-11,-32,-23,-25,-7,-41
1239,2,-1,14,8,-26,0,9,98
1241,-3,-1,4,17,21,-2,-5,-14
1241,9,5,4,-12,27,3,2,29
1261,12,5,8,25,-10,25,4,-12
1261,-2,4,-17,-35,-10,-6,-9,-81
1264,22,11,5,4,2,5,23,87
1264,-16,-8,-4,-2,-5,-21,-25,-41
1285,17,5,6,27,34,8,8,43
1285,-7,4,2,13,-22,-11,-3,-71
1286,15,0,-2,-11,11,16,15,28
1286,-16,-5,3,44,11,-5,-13,-104
1299,-10,-5,-11,-46,-31,-3,-4,-13
1299,4,0,-3,9,22,-9,-4,-27
1305,-14,-9,-1,-26,-29,2,-5,-57
1305,14,7,-1,9,4,1,13,14
1322,-11,2,-5,7,13,2,-9,-16
1322,13,-11,-12,-20,-20,-7,-2,18
1323,-4,-3,-5,-10,2,-11,-4,-19
1323,1,-3,4,-1,-12,-19,-8,24
1344,-4,8,-1,3,3,10,4,-9
1344,-11,-5,-8,6,14,-5,-5,-21
1352,7,-5,3,0,-12,10,0,6
1352,1,1,-25,-16,-6,3,3,-27
1359,6,15,41,24,18,-2,-1,-21
1359,-3,-20,-23,24,-14,-12,-11,-27
1366,-9,-12,17,-21,-13,-5,-3,-13
1366,-22,-4,-14,-13,-1,0,-9,-56
1383,8,-1,3,-11,0,-7,-11,-14
1383,5,12,4,21,18,13,12,14
1384,-10,0,-10,5,-2,-20,-13,-73
1384,8,-1,9,-7,-9,-5,8,70
1405,-2,-3,-6,15,10,12,0,-53
1405,7,1,2,-19,-6,-5,3,15
1407,-6,0,0,18,14,11,0,-26
1407,-5,2,12,-3,2,0,-7,36
1418,27,2,-5,10,-2,8,29,127
1418,-2,2,-1,-16,-7,-12,-11,8
1435,4,1,0,-1,10,9,14,39
1435,-3,1,3,9,1,-4,-10,-56
1442,-12,-10,-13,-10,-11,-2,-7,5
1442,1,-1,8,-7,-3,-7,-2,-5
1443,9,5,1,15,14,-2,-6,12
1443,4,-2,3,-3,-6,7,3,-57
1465,-8,-6,-9,-2,4,31,-6,-39
1465,5,5,11,-3,3,-45,14,35
1466,-6,-1,-4,2,-13,-15,-35,-100
1466,-4,-4,-8,-9,-7,-3,-16,28
1478,-2,-1,1,-4,-6,-2,9,67
1478,8,3,1,4,9,20,12,9
1494,-3,4,2,8,14,19,9,27
1494,5,-1,-1,-5,-7,-6,-5,-19
1510,-3,-6,-8,-2,-2,-14,-23,-50
1510,-7,-1,3,-1,-4,6,16,0
1511,0,-1,-5,0,-1,-7,1,16
1511,5,3,5,0,3,13,9,-34
1525,-8,-5,-4,2,-3,-6,-8,-63
1525,0,1,-2,-6,-7,-8,-10,-5
1526,-14,-4,-2,-2,3,5,-4,-23
1526,13,4,0,4,-1,-1,19,-7
1537,-8,-1,-2,-5,-7,-20,-31,-42
1537,-8,-3,1,-2,-3,3,4,-4
1555,-2,1,0,4,8,14,10,-39
1555,-4,-4,-1,-3,-3,-6,-9,70
1585,7,0,-1,0,0,-1,12,19
1585,1,2,3,0,-2,4,-11,-11
1588,2,-1,-2,1,3,-2,-2,3
1588,-6,-1,-4,-3,-2,1,0,-52
1588,-5,-4,-7,-6,-3,-2,2,-24
1588,1,1,3,1,-1,-5,-9,-1
1592,-4,-2,-1,1,-3,2,12,11
1592,-1,-2,-14,-3,-1,-3,-5,-7
1598,-2,0,31,10,1,1,7,35
1598,-8,-2,7,5,-1,1,-17,-57
1607,12,2,-11,-3,2,-5,6,41
1607,0,-2,6,1,0,5,8,19
1622,-1,-4,-12,-1,-1,1,7,-33
1622,0,0,-3,-3,0,1,3,-8
1624,3,3,1,-1,1,-2,-10,21
1624,-4,-4,-4,-7,-6,-6,-3,-20
1652,0,-1,-8,-5,-1,-4,5,25
1652,2,-1,2,-1,-3,-2,2,19
1655,0,-1,-3,0,0,5,13,-2
1655,-2,-1,1,0,0,2,-21,-14
1667,-6,-3,2,1,2,1,5,-9
1667,3,-2,-4,-3,-9,-17,-1,21
1669,-2,-6,0,-1,1,3,3,8
1669,-2,8,2,-2,-1,-5,-5,-48
1681,-2,4,-1,1,-3,1,-7,5
1681,23,6,-4,-1,5,3,15,90
1689,-1,-1,2,0,3,7,-3,-44
1689,-7,-10,2,0,-6,-9,-11,-25
1712,-7,-8,-14,-5,1,-1,-4,-32
1712,-6,3,1,-2,1,4,-9,-21
1713,11,17,6,1,-6,-10,-1,28
1713,0,-5,-1,0,0,2,-2,13
1718,0,-5,-3,-3,-1,1,12,4
1718,-11,-5,-3,0,1,4,-12,-28
1727,-4,-5,-1,-1,1,1,0,1
1727,-2,-1,-1,0,0,1,-11,-12
1750,-4,-1,-3,-5,-10,-12,-6,-10
1750,9,-1,-2,-2,-1,3,34,62
1751,0,-3,-1,0,0,-1,-15,-34
1751,-3,0,0,0,3,1,9,-1
1765,0,-3,-1,1,0,-6,-15,-8
1765,-10,-8,-4,-2,-1,0,-8,-38
1766,11,20,2,1,-1,-1,2,16
1766,4,4,-2,0,0,3,-1,3
1778,0,1,2,2,0,2,8,15
1778,-5,-2,-4,-2,-2,-5,-8,-24
1786,-8,-11,0,1,-1,-2,3,10
1786,-2,-2,0,1,0,1,2,-10
1801,2,5,1,0,0,-1,2,1
1801,-3,-3,-3,-2,-3,-3,-2,-1
1808,-3,-6,-2,-1,0,-1,-4,-6
1808,2,2,0,0,1,2,2,-8
1824,-1,-3,-2,-1,-1,0,2,8
1824,-1,-2,0,-1,0,-2,-5,-9
1826,-3,-4,-2,-2,0,0,-3,-1
1826,0,0,-1,-2,-3,0,-3,-6
1838,3,-1,-3,-1,-1,-1,3,9
1838,0,1,0,-1,-2,0,-4,-15
1847,-1,-3,0,-1,0,2,-4,-5
1847,1,-2,-1,-3,-1,0,-4,2
1862,0,0,1,-1,-2,0,0,1
1862,-1,1,-1,-1,0,-1,-4,-8
1864,-2,-4,-2,-2,-1,0,-5,-2
1864,2,-1,-1,-1,0,1,-3,-2
1884,2,-1,-1,1,1,1,-1,1
1884,0,-1,-1,0,-1,0,-3,-7
1886,0,-2,-1,0,-1,2,-5,-1
1886,1,-1,1,-2,0,2,-6,-5
1906,-1,2,-1,-1,1,1,-2,0
1906,-1,0,-1,-2,-1,0,-5,-1
1908,-2,-1,-2,-2,-1,3,-5,-4
1908,0,-1,0,0,-2,2,-5,-5
1922,-1,-1,0,-3,-2,2,-2,0
1922,0,-2,-1,-2,0,-1,-3,-5
1928,2,0,0,-3,-1,0,-7,-5
1928,-1,-2,-2,0,0,4,-6,-7
1945,2,1,0,-1,-2,1,-5,-4
1945,3,0,-2,-1,-1,-1,-4,-4
1946,-1,-3,-1,-1,-4,-2,-6,-5
1946,-2,-3,-4,-1,-2,-2,-3,-2
1958,0,-2,-3,0,-1,-2,-1,-1
1958,-2,0,-2,-1,-2,-1,-2,-2
1967,-1,-2,-1,-1,0,-1,-3,-1
1967,-1,-1,-1,0,0,-2,-2,-1
1982,0,-1,0,-1,1,-1,3,-1
1982,-2,-1,-1,0,0,-2,0,-1
1984,0,0,-2,-1,-2,-1,-2,-1
1984,0,-1,-2,0,-2,-1,-2,-2
2005,-1,-1,0,-1,-1,-2,1,1
2005,-1,-1,-1,-2,1,-1,-1,-1
2006,-5,-2,-3,0,-2,0,-1,-3
2006,7,0,-1,-2,-2,1,-1,0
2018,-3,0,-1,0,-3,-2,-4,0
2018,-5,-1,-2,-1,-2,-2,-3,-1
2028,4,1,0,0,0,0,0,0
2028,-4,-2,-1,-1,-1,-1,0,-3
2041,-3,0,0,-2,0,-1,1,1
2041,-4,-2,0,-1,0,-2,0,0
2048,3,0,1,1,3,0,-2,-2
2048,-4,-1,-1,-2,0,0,-2,-2
2064,3,-1,-2,1,-1,-1,0,3
2064,-3,0,0,-2,-1,-2,0,-2
2066,-3,-3,-3,-1,-3,-2,-3,-2
2066,1,0,-2,0,-1,1,1,-3
2078,-1,0,-1,-2,0,-1,-1,-1
2078,1,-1,-3,-1,-2,-3,-1,-1
2088,1,-1,-1,-1,-3,-1,-2,-1
2088,-1,0,-1,-1,-1,1,-1,-1
2102,-4,-2,-2,-2,-1,-1,0,-1
2102,0,-1,-1,-1,-1,-1,0,2
2108,-3,-1,0,-2,1,0,0,-1
2108,-2,-2,0,1,-1,-1,0,-1
2125,-2,-1,0,-1,-1,-2,2,-2
2125,-1,-1,-2,-1,0,-2,0,-1
2126,2,1,0,-2,-2,-2,-2,-1
2126,-2,-3,-1,-1,0,0,-2,0
2138,0,-1,-1,0,0,-3,-1,-1
2138,-3,-1,-1,0,-2,-3,1,-2
2153,0,0,-1,0,-1,0,-2,1
2153,-1,-1,-1,1,0,0,-3,-1
2161,0,-1,-2,-2,-1,0,-2,1
2161,-2,-1,-1,0,-2,0,0,1
2168,0,0,-1,-2,-3,1,-3,-2
2168,-4,0,-1,-4,-1,0,-2,0
2185,5,-1,2,-1,-1,-2,3,1
2185,0,-1,0,-2,-1,-2,1,0
2186,-4,-1,-1,0,0,0,-3,-1
2186,0,-1,-1,0,-1,0,-5,-2
2207,-4,-1,-1,0,-1,-1,1,1
2207,-1,0,0,-1,-1,1,1,1
2208,-1,0,-1,-2,0,-1,-3,-2
2208,4,0,-1,-1,-1,-2,-1,-3
2221,3,0,-1,0,0,-2,0,0
2221,0,1,0,-1,0,-1,-1,1
2228,-2,-2,-2,-1,0,0,-2,-2
2228,-1,0,0,-1,-2,-1,-1,-1
2244,-7,-2,-1,-1,-1,-3,-1,-1
2244,-2,-2,-1,0,-2,-2,-3,-2
2246,0,-1,-1,0,-1,-1,-1,-2
2246,3,0,-2,0,-1,1,-1,-2
2268,-1,-2,-2,-1,-1,-1,1,0
2268,0,0,-1,-1,0,0,-1,2
2269,-2,-2,-2,-2,-1,-1,0,-3
2269,-3,-3,-2,-3,-1,-2,-1,-2
2281,-1,-1,-2,-1,-2,0,0,0
2281,1,-1,-2,-1,-2,-1,3,0
2289,-5,-3,-2,1,0,3,-3,-3
2289,0,-1,-2,0,0,1,1,-4
2312,-2,-1,-1,-2,-1,-2,1,-2
2312,0,0,0,-1,-1,-2,-3,-1
2313,4,0,0,-2,-2,-1,-3,0
2313,-1,-2,-1,0,-1,1,0,-2
2327,-2,-1,-2,1,-2,-2,-1,-1
2327,-2,-2,-1,-1,-2,0,0,-1
2328,-4,-1,-2,0,0,1,-4,-2
2328,1,0,0,-3,-2,0,-2,0
2342,0,0,-1,-1,0,0,2,1
2342,-2,-1,0,-1,1,-1,-1,1
2348,-6,-3,-1,-3,-1,-1,-4,-2
2348,-1,-1,0,-1,0,0,0,-1
2365,-1,0,0,-1,-2,-1,-1,0
2365,0,-2,-3,0,-1,-1,-2,-2
2366,0,-1,-1,-2,0,-2,-1,-1
2366,-3,0,-2,0,-1,-2,-4,-3
2386,2,1,-1,-2,-3,-1,-1,2
2386,-1,0,0,-2,-1,-1,-1,-1
2389,0,-1,-1,1,-2,-1,1,-1
2389,-3,0,-1,-2,-2,-1,0,1
2401,-1,-2,0,0,-1,-2,-1,1
2401,-1,-1,1,-1,0,-2,-1,-1
2409,0,-1,1,0,-1,0,-1,-1
2409,-4,-3,-3,-1,0,0,-3,-3
2425,-4,-2,-1,-1,-1,1,-1,0
2425,4,2,0,0,-1,-3,-2,-2
2426,0,2,0,-2,-1,-2,-2,-1
2426,-1,-2,-3,-2,-2,-1,-1,-2
2446,-4,0,-1,-1,-2,0,0,-1
2446,-2,-3,-2,-1,0,-2,1,-1
2449,-2,-2,-2,-1,-2,-2,-1,-1
2449,4,1,0,1,1,-2,0,1
2461,1,-2,-1,-2,0,-2,0,-2
2461,-1,-2,0,-1,0,-2,1,1
2470,2,-1,-2,1,0,-2,-1,-2
2470,-1,0,-2,0,-3,2,2,2
2484,-1,0,-1,-1,-2,-3,2,-1
2484,-2,1,-2,-1,-2,-1,-1,-1
2486,-2,0,0,-1,0,0,0,-1
2486,-1,-3,-1,-1,-1,-1,-1,-2
2507,-2,-1,0,-2,0,-1,1,0
2507,-2,0,-1,0,-2,0,0,0
2508,0,-1,-1,0,-2,-3,-3,-1
2508,-2,0,1,-1,0,1,-2,-1
2520,2,-2,0,-1,-1,-2,-3,-1
2520,-4,0,0,-1,0,-3,0,-1
2536,0,0,-3,-1,0,-1,0,-1
2536,3,0,2,-1,-1,-1,1,-1
2552,2,-2,-1,-1,0,-1,0,0
2552,-3,-2,0,0,0,-2,-1,-1
2554,0,-2,0,-1,0,-1,-2,-2
2554,-1,-1,-2,-1,-1,-2,-3,-2
2567,1,0,-2,-2,-2,0,-3,-1
2567,0,-1,-1,-2,-2,-1,-1,-2
2568,-2,0,-2,0,-1,0,-3,1
2568,-5,-2,-2,0,-1,-2,-2,-3
2590,-2,1,-1,-1,0,0,0,2
2590,-1,-2,-1,0,-2,-2,-1,0
2591,0,-1,-2,-3,-1,1,0,-1
2591,0,-2,-1,-1,-1,0,-2,-3
2612,-1,-1,-2,-2,-1,-1,0,-3
2612,-1,-1,-1,0,-1,-2,-1,1
2614,-3,-1,-1,-1,-3,-2,-3,-2
2614,2,2,1,-1,-1,-1,0,-1
2626,-2,-3,-2,0,-1,-2,-2,0
2626,-2,-1,-1,-1,-1,-1,2,1
2641,-2,0,-2,0,0,0,-2,-1
2641,-2,0,-1,-1,-1,1,-3,-1
2642,-1,-3,0,0,1,-1,-2,-1
2642,2,-1,-2,-3,0,2,-2,-2
2650,0,-1,0,0,-1,-2,-1,0
2650,-2,0,-2,-1,0,-1,-1,-2
2679,0,-1,-3,0,0,0,0,1
2679,-3,-3,-2,0,0,-1,1,-1
2681,-1,-1,-2,-1,-1,-1,-2,-1
2681,1,-2,0,-1,1,0,-2,0
2695,-3,-2,-2,0,-2,-2,-1,-2
2695,0,-2,-1,-2,-1,-2,-2,-1
2696,2,-1,0,-1,-2,-2,0,-1
2696,-1,-1,-1,-1,-2,-2,-2,-1
2709,-2,-2,-1,-3,-3,-1,-1,-2
2709,-5,0,0,-2,0,-1,-2,0
2711,-1,0,-1,0,1,-1,-2,-1
2711,-3,-1,-2,-1,0,-1,-2,-2
2724,-1,0,-1,-1,-1,0,1,0
2724,-1,0,-2,-1,-1,-2,-1,1
2726,2,-1,0,-1,-3,-1,1,-2
2726,-1,-1,-1,-1,0,1,-3,0
2747,2,-2,0,-1,1,-1,-1,0
2747,1,-2,-2,-1,-2,-2,1,-1
2749,0,-2,-2,-3,1,-2,0,1
2749,0,0,0,-1,-1,0,-1,0
2760,1,2,0,0,-2,-2,0,-2
2760,-1,0,-1,-2,0,0,1,-2
2770,-3,-3,-2,-2,0,-2,-2,0
2770,-1,-2,-1,-1,-2,-2,0,-3
2785,-3,-2,-1,-2,-3,-2,-2,1
2785,5,2,-1,1,0,-1,-2,0
2786,-2,0,-2,-1,-1,1,-3,-3
2786,0,-1,-1,0,1,-1,-4,-2
2808,-2,0,-1,-1,0,-1,1,-2
2808,-1,-1,-2,-1,-1,-1,2,-1
2809,-3,-2,1,0,0,-1,0,-1
2809,10,1,1,-1,-2,-1,2,3
2821,0,-1,-1,0,-1,-2,-3,-2
2821,-5,-1,-2,-2,-2,-1,1,-1
2829,-1,-1,-2,0,-1,0,-2,-2
2829,-6,-3,-1,-2,-1,0,-1,-3
2844,-1,0,1,-1,-2,-1,-1,0
2844,1,-1,0,-2,-2,-2,-2,1
2846,3,-1,0,2,0,2,-1,0
2846,-4,-2,0,-1,-2,-3,-2,-3
2867,-1,0,0,-1,0,-2,0,-1
2867,-1,-2,-1,1,0,-2,0,-2
2868,0,0,0,-2,0,-2,1,-3
2868,-1,0,-2,-3,-2,0,-3,-3
2881,3,-1,-2,-1,-2,1,-1,-3
2881,-2,0,-3,-1,0,-1,-2,0
2890,-6,-2,-1,-2,-2,1,1,-1
2890,4,0,-1,1,-1,-1,-1,0
2905,0,0,0,-1,-1,-1,0,-1
2905,0,1,-2,0,-2,0,1,-1
2906,1,-1,1,-1,0,-2,-1,0
2906,-2,0,-3,0,1,3,-1,-2
2927,0,-4,-1,-2,1,-3,1,-1
2927,-2,-3,0,0,-2,-1,-2,-2
2929,1,0,-2,-1,-2,-2,-2,-1
2929,-2,-3,-1,-1,-1,-1,-1,-3
2941,6,1,-1,-2,0,2,4,1
2941,0,-2,0,0,-1,-3,-2,0
2973,-3,-2,-1,0,-3,0,-1,-3
2973,1,0,0,-1,-1,-3,-3,-1
2974,-4,-2,0,0,0,0,-3,0
2974,-2,-1,0,-2,0,-1,-4,0
2976,1,0,-2,-1,-2,-3,-2,-1
2976,0,0,-1,-2,-1,-1,-2,0
2987,-2,-2,-1,-1,-2,-1,-1,-1
2987,-2,-1,0,-1,-1,-1,0,0
2989,-1,-1,-3,0,0,1,-3,0
2989,-1,-1,-2,1,0,3,0,0
3010,-3,-2,-2,0,-2,-5,-3,0
3010,-3,-3,-3,-2,-2,-3,0,-2
3015,-2,-2,1,-1,-1,-1,1,0
3015,-2,-1,-1,-1,-1,0,-2,-1
3025,1,-2,-1,-2,0,2,-2,-1
3025,-2,-1,0,0,1,1,0,0
3026,-4,0,-1,-1,0,-2,-3,1
3026,2,1,-1,-1,-1,0,-2,1
3047,-4,0,-1,0,-2,-3,0,1
3047,0,0,-2,-2,-1,0,-1,-2
3049,0,-2,-2,-1,-2,1,-1,-1
3049,-1,-2,0,-1,-2,0,-2,-6
3061,-1,-1,-4,-2,-3,-2,2,6
3061,2,-1,-2,-1,-2,-3,1,0
3070,-1,-2,-1,-1,-1,-1,-1,-2
3070,-2,-2,-1,0,0,-1,-4,-6
3084,1,-1,-1,1,-1,1,3,-6
3084,-1,0,-1,-1,1,-2,2,15
3098,1,0,0,1,0,-4,-2,-2
3098,-5,-1,-1,-1,-1,0,-1,-7
3107,1,-1,0,-1,0,3,1,-1
3107,-2,-3,-2,0,-3,-5,-1,-1
3108,1,1,-2,-1,-4,-8,-4,0
3108,2,-3,-3,-2,-5,-3,-2,2
3129,-4,0,1,-1,0,3,-4,-5
3129,4,1,0,0,-2,2,1,-11
3130,-1,-1,-2,-1,0,1,-3,-20
3130,-1,-1,-2,1,1,-1,1,7
3143,-1,0,0,1,-1,1,-1,24
3143,-3,-1,0,-1,-1,0,-3,-16
3150,-2,-1,0,-2,-3,-3,-2,1
3150,-2,0,0,-1,-3,-1,-4,-17
3167,-3,-3,0,0,2,0,-1,-29
3167,2,-1,-1,-4,0,-1,5,46
3169,0,0,-1,-2,1,5,1,-6
3169,-2,1,0,0,-1,-4,-6,-1
3189,-1,0,-1,-1,-3,-4,-2,0
3189,-4,-2,-1,-1,-4,-5,-9,-15
3190,-3,-2,-3,-4,-3,-7,-1,-10
3190,3,-2,0,2,6,10,3,40
3204,2,1,-1,1,1,0,0,-32
3204,-1,0,1,-1,-1,-6,0,-14
3210,3,0,-3,0,-2,3,-1,14
3210,-3,-2,-1,-2,2,-1,-3,-10
3226,-1,-2,-1,0,-2,1,-2,7
3226,0,-1,-2,-3,-3,-4,10,-13
3234,0,-3,-1,0,-10,-13,-1,31
3234,0,-2,-3,-5,-5,-2,-4,-11
3250,-2,-1,-2,-1,4,0,-1,1
3250,-2,0,1,1,5,7,-3,-6
3251,-2,-1,0,-1,5,9,5,0
3251,1,1,-1,1,2,-1,-6,-5
3264,-1,-1,0,-4,-6,-4,0,4
3264,-2,0,-2,-2,-2,0,-8,9
3270,0,-2,0,-1,-1,-2,3,-6
3270,-1,0,-2,-1,-1,-3,-2,-9
3287,-2,-1,-2,1,1,0,-5,-23
3287,1,1,0,-1,-3,0,1,-6
3293,-1,-1,-2,-1,0,-1,-20,12
3293,-2,-1,1,-4,-5,-6,15,-3
3310,-4,-2,-1,-1,1,3,-14,-12
3310,2,-1,-1,-2,-1,-6,8,33
3311,2,-2,-1,0,1,8,2,14
3311,-1,0,-1,4,2,-4,-14,-30
3323,-2,0,0,-1,-1,-3,-3,1
3323,-3,-1,-2,-2,-3,6,4,-21
3333,-4,-2,-2,-4,-6,-13,-2,-24
3333,0,0,1,0,3,6,-3,-15
3347,3,-1,-1,-1,1,1,8,7
3347,-6,-2,-1,1,2,2,-3,-24
3349,-3,-3,-4,-6,-6,-12,5,7
3349,1,-2,-1,-1,-3,0,-6,25
3369,1,0,1,-1,0,0,-4,-6
3369,0,-1,-1,-1,0,1,3,-2
3371,-4,0,3,3,4,5,-6,-62
3371,0,-3,-3,-3,-2,-2,11,57
3383,-3,-1,-2,-3,-5,-7,-9,-11
3383,3,-2,-1,0,0,-4,2,-26
3391,0,1,1,1,3,4,9,36
3391,0,0,-2,-2,-1,-2,-12,-42
3407,2,-2,-1,1,-2,2,7,16
3407,2,2,0,0,-1,-2,-2,5
3408,-6,-3,-2,-2,-1,-2,2,-4
3408,3,0,-3,-1,0,2,10,73
3437,-9,-2,-2,-1,-3,1,-11,-64
3437,4,0,-2,-2,-3,-8,9,112
3439,-5,-3,-3,-2,-3,-4,-18,-35
3439,5,4,4,3,3,9,14,-26
3443,-5,-4,-3,-3,-1,-5,-11,-28
3443,-11,-5,-2,-2,1,2,7,-92
3452,9,4,2,4,4,1,5,71
3452,-3,-4,-2,-3,-4,-5,-11,-64
3467,6,1,0,-1,-3,0,10,60
3467,-6,0,1,1,0,-4,-14,-68
3468,-3,-1,-2,-4,-2,1,8,4
3468,-4,-3,-2,1,-2,1,-5,-30
3490,5,2,0,-3,-6,-10,-1,31
3490,-3,-5,-3,-2,-2,0,2,2
3491,-2,0,-2,0,0,4,10,46
3491,-7,0,-1,0,3,1,-17,-60
3504,0,1,0,1,-2,1,0,-22
3504,3,1,1,3,4,2,10,67
3519,-4,-1,0,0,-1,-3,-4,-76
3519,2,-1,-1,-5,-1,2,11,76
3526,-9,-3,-1,1,-3,-3,-11,-71
3526,0,-1,-3,-5,-5,-3,0,15
3529,6,-1,-1,1,2,0,0,27
3529,-6,-1,0,-1,-3,-5,-12,5
3549,3,0,0,0,3,4,19,51
3549,0,1,0,1,0,-3,-5,-44
3551,0,-1,-1,-1,3,3,2,-38
3551,-7,-5,-3,-2,-7,-9,-20,-47
3563,1,-2,-4,-5,-4,3,3,16
3563,-12,-3,-3,-1,-2,-12,-18,-67
3573,1,-1,-2,-1,-1,-2,8,30
3573,-1,0,-1,0,3,4,3,-56
3595,10,3,2,1,3,3,6,96
3595,-2,0,-1,-2,-1,1,-3,-26
3596,-3,-4,-4,1,-1,-2,3,42
3596,7,3,1,0,0,1,4,27
3609,-7,-3,-3,-3,-5,-4,-1,-28
3609,2,0,1,1,3,4,-8,20
3611,-1,0,3,-2,2,-5,10,-1
3611,-5,-4,-3,2,-7,-5,-12,35
3623,8,4,2,1,0,-1,1,-35
3623,4,-6,-1,2,3,7,10,83
3632,-3,3,-1,1,4,0,-14,-70
3632,2,0,0,-2,-8,-2,7,80
3654,-1,-2,-4,-5,-2,-3,-1,24
3654,-6,-2,-1,0,-1,-7,-8,-35
3656,-5,-3,-1,3,4,8,6,16
3656,7,1,0,-1,2,11,10,6
3669,-18,-12,-10,-10,-4,-7,-18,-52
3669,2,3,-1,2,-1,3,9,-19
3671,9,13,3,-2,-7,-8,-3,90
3671,7,1,3,-1,-7,-8,-5,-87
3683,-1,-2,-1,0,7,14,-3,-53
3683,-4,-1,1,0,2,-5,-3,-34
3698,-1,-4,-2,-2,1,7,4,-16
3698,-11,-4,-6,-7,-15,-14,-9,-35
3753,7,2,1,-1,-7,-16,-4,48
3753,-5,-2,-3,-4,0,4,4,29
3754,-6,-1,-2,0,3,5,-6,-86
3754,6,2,2,3,10,12,5,32
3756,-8,-2,0,3,0,3,0,-28
3756,11,3,-1,0,-1,0,7,-1
3759,-3,-2,-2,-7,-5,-10,-14,-32
3759,-4,-2,-1,1,1,5,-1,-32
3761,2,-1,-2,0,1,2,12,48
3761,-9,-6,1,1,-7,-8,-17,16
3766,-4,-4,0,5,15,10,-8,-42
3766,7,2,1,-12,-23,-10,10,68
3769,-10,-16,-3,2,-1,-4,-10,17
3769,7,11,-1,0,-5,-6,7,10
3788,4,16,-2,-4,-2,-3,-6,-81
3788,-4,-14,-4,-9,13,6,-1,-50
3804,-2,-6,-5,-3,-12,-1,-7,-14
3804,0,5,5,2,23,6,5,-9
3805,-2,1,2,-20,-31,-3,-7,6
3805,6,29,-1,-10,-6,-3,12,53
3812,-12,-10,-4,-4,-2,-7,-12,-76
3812,-1,-10,-6,1,6,0,-2,30
3827,2,-3,-3,16,14,13,6,34
3827,-2,-4,2,8,5,-2,2,72
3828,0,-2,-4,-18,-16,-7,-6,8
3828,-7,-6,-3,6,-10,-12,-12,-26
3850,-1,4,-2,-4,4,-6,1,7
3850,-1,-3,-2,7,1,1,2,0
3851,1,4,5,28,28,5,3,29
3851,-1,-4,-2,-7,-19,6,1,-1
3863,5,-4,-2,-18,-9,-1,3,18
3863,-9,-6,-4,-21,-11,-12,-9,-39
3872,-1,2,16,32,2,-5,-2,-8
3872,5,-1,-25,-17,8,7,-2,18
3887,-4,0,3,-7,-4,0,4,9
3887,7,5,9,10,31,14,-1,-23
3888,1,-2,-5,-7,-41,-11,0,-23
3888,-2,1,2,-3,0,-19,-9,-21
3910,-7,-6,-4,0,-1,3,0,-56
3910,-1,-3,-8,12,2,-11,-6,23
3911,-2,2,6,2,12,11,4,-75
3911,-3,0,8,20,7,11,5,0
3923,-5,-3,-6,-3,11,-3,-2,15
3923,1,-1,11,33,-4,-3,-2,-3
3970,2,-1,-19,-58,-34,-8,-3,39
3970,-10,-2,-5,7,22,2,-3,-54
3978,5,2,8,-9,-12,-6,6,21
3978,1,0,8,16,-2,8,2,-75
3979,-2,-2,9,27,16,-6,-6,-36
3979,0,-5,-8,-8,4,-1,6,6
3980,-9,-17,-19,-73,-48,-8,-10,-8
3980,0,12,-7,10,17,6,6,-2
3983,0,0,-3,-11,22,0,9,-7
3983,0,-4,-4,-19,-29,-2,-6,4
3992,-15,-8,-11,-33,-34,-34,-22,-50
3992,16,3,-1,5,28,6,29,103
4006,7,7,37,77,24,13,-2,-23
4006,-11,-9,-50,-85,-21,-8,-4,-1
4013,3,2,11,56,-8,10,20,52
4013,-8,-13,3,-24,-32,-5,-19,-41
4037,9,14,3,12,11,-15,0,6
4037,-3,-1,28,38,12,-2,-7,-11
4039,2,1,-8,7,33,42,12,30
4039,-3,-5,2,-51,-17,-10,10,-24
4043,-14,-31,-101,-23,-2,3,-6,7
4043,-11,-8,49,-48,-59,-50,-11,-16
4069,15,34,30,49,17,1,-5,7
4069,0,17,32,27,31,30,-10,-77
4069,14,3,-17,6,0,-18,10,117
4069,-9,-18,-65,-46,-3,14,9,3
4081,1,-16,-2,-4,14,12,8,-24
4081,-11,-3,-11,14,-7,-7,-4,-38
4089,-17,-14,2,-54,-65,-26,-18,-31
4089,8,0,36,46,8,-7,-6,7
4090,29,27,11,-18,23,0,4,35
4090,-2,5,-13,38,16,23,1,-1
4112,0,0,2,-25,-22,18,16,-31
4112,-9,-37,9,94,-19,-30,2,26
4113,-17,-7,-42,-54,-46,-50,-26,-14
4113,11,1,-17,-69,-11,6,5,12
4126,-18,-16,25,26,47,40,-6,-47
4126,27,-2,2,1,12,-5,21,38
4133,-26,-11,-26,30,10,2,2,-9
4133,28,5,22,-9,-29,-30,-18,-45
4149,-2,3,26,31,17,7,0,-9
4149,-16,23,-6,-25,6,36,-1,-49
4151,-5,-9,-11,-17,15,2,-2,-16
4151,5,-15,-11,38,9,-14,19,76
4172,36,15,3,-41,-58,-6,-11,-42
4172,-7,-12,-60,-43,33,17,5,-30
4173,-18,-5,19,-30,-33,11,-8,-1
4173,-24,6,51,79,56,0,-6,-38
4186,-21,-8,2,59,-8,-47,-9,-31
4186,-40,-13,-29,-64,-92,-46,-36,-6
4193,96,17,-16,-32,28,18,32,91
4193,-23,-2,-7,-47,-15,26,-2,-52
4210,-42,-8,-3,42,54,13,4,-63
4210,53,27,26,29,-2,11,12,53
4211,-40,-5,-7,-9,-18,-19,-26,-31
4211,5,-10,-21,3,32,6,5,-36
4232,13,13,38,58,6,19,21,21
4232,-8,-13,-19,-61,-3,19,-4,-44
4233,5,2,8,10,-16,-15,3,25
4233,26,18,-10,31,-21,-6,-7,0
4246,-17,-9,-4,-35,-16,-33,-18,-4
4246,-19,-2,-3,30,28,3,7,-9
4255,0,-26,25,28,-4,-4,-8,-43
4255,12,63,21,1,-1,4,-10,23
4269,-6,-20,-18,14,40,39,19,45
4269,7,-8,5,4,11,6,3,-2
4272,-12,8,4,-12,-21,-31,-5,-2
4272,-27,-25,-59,-17,-26,-46,-15,2
4292,22,13,35,-20,-49,9,2,32
4292,6,-24,22,37,80,42,6,-10
4293,0,64,12,43,21,33,9,-13
4293,4,-12,-34,-38,-22,-22,-10,-1
4315,-9,-8,4,-26,-50,-33,-3,18
4315,-16,-19,-48,-56,-50,-33,-9,-11
4316,-9,-24,28,14,28,15,10,2
4316,5,-19,40,48,23,38,3,-4
4329,21,41,7,37,55,-8,1,10
4329,-1,8,14,34,4,22,1,-38
4331,11,0,-30,-34,-29,-14,-6,17
4331,-31,-38,-32,-60,-19,-10,-5,-46
4359,12,-3,-15,-6,-21,-36,-6,-36
4359,4,17,16,17,25,34,4,105
4361,-8,-10,-4,-2,-1,-20,9,2
4361,-5,-4,28,10,-13,15,-5,-31
4365,4,1,-13,-2,24,-24,8,-4
4365,1,16,-6,1,-4,-6,-8,-24
4374,-15,-28,7,21,-20,25,-1,-22
4374,-4,-14,-9,-36,-26,-23,-6,47
4390,12,4,-12,6,17,18,2,5
4390,-3,9,10,10,4,3,-11,-27
4392,-2,-8,5,17,58,8,10,-11
4392,0,5,-26,-39,-37,-9,7,17
4421,-8,-10,11,13,9,2,-13,-24
4421,6,5,2,0,-8,-16,1,34
4427,2,31,-1,2,-18,1,-10,-4
4427,-1,6,6,-9,10,0,3,-21
4428,5,-10,-6,9,32,42,9,11
4428,-10,-13,-17,-59,-53,-27,-1,-45
4441,3,-4,-9,-26,-31,-39,-22,4
4441,-9,-19,-7,-3,-16,27,3,-49
4449,10,12,23,18,30,3,15,91
4449,3,4,14,49,49,22,7,-41
4451,-4,-17,-15,-8,-14,-24,-18,12
4451,-4,4,-9,-17,-34,-17,2,0
4472,-14,-26,-14,-19,7,9,-5,-16
4472,5,22,11,1,-6,-7,1,-6
4474,9,2,-5,1,28,62,6,6
4474,14,15,24,37,44,-19,3,24
4485,-10,-2,-8,0,-32,-42,-11,-20
4485,-10,-22,-15,-20,-66,-61,-21,-40
4495,-13,-13,-23,-25,-3,2,6,23
4495,6,5,15,36,69,85,18,34
4509,0,14,-12,-40,-40,-28,-3,-61
4509,-2,-21,5,6,18,14,-2,-25
4511,1,16,5,6,11,-9,-1,-30
4511,2,8,2,-15,-5,9,-15,7
4532,-4,4,-8,6,-26,-33,1,-8
4532,1,4,-1,11,-2,-1,-6,28
4534,-11,-30,-21,-28,5,12,6,-6
4534,-1,0,5,11,27,8,10,3
4545,8,18,16,13,0,21,-11,-29
4545,-1,6,8,16,-2,13,4,6
4562,1,-2,5,8,26,1,-7,5
4562,-2,2,-12,-1,-9,-16,0,12
4570,2,-6,-4,-1,-11,-23,4,19
4570,-4,-1,-13,-38,-28,62,-10,-24
4571,-3,-8,0,-2,-19,-104,-12,-29
4571,-6,-15,-9,-12,-34,7,1,11
4592,2,12,-2,-11,42,32,-3,11
4592,9,10,12,27,36,0,17,21
4593,-8,1,8,15,-4,11,2,-15
4593,0,-5,-15,-2,-24,-34,0,-22
4614,-1,-6,3,-17,-33,-27,-18,-14
4614,12,9,-3,6,28,11,6,17
4616,2,-12,-3,-9,8,42,5,-18
4616,-2,-1,12,20,13,-9,4,-17
4637,-7,4,-12,-7,33,37,5,-19
4637,-4,-15,9,-31,-62,-59,-14,6
4639,4,15,4,0,12,37,-8,19
4639,6,-2,4,-1,2,10,17,92
4652,1,8,2,26,39,26,4,-4
4652,-3,-11,-6,-4,-48,-94,-27,6
4653,-7,-5,-14,-53,-86,-25,-12,-47
4653,-7,-8,-1,1,51,78,8,25
4666,9,3,-1,3,34,7,18,26
4666,5,12,10,24,38,2,10,2
4681,-2,4,1,-2,-79,-73,-30,-29
4681,-15,-11,-8,-6,-30,-33,-15,-31
4690,4,-15,0,13,30,30,24,42
4690,3,9,-7,-6,33,60,15,-32
4691,1,5,2,14,50,28,3,-6
4691,4,-1,7,-6,-35,-42,-4,29
4712,-14,-13,-6,15,-33,-21,-3,41
4712,0,6,-7,-13,-3,-8,-11,-19
4713,0,-16,4,3,37,90,17,14
4713,1,18,2,30,28,-41,-8,-48
4725,-13,-25,-8,-50,-58,0,-7,21
4725,8,9,3,12,-8,-35,-13,34
4735,-5,-3,-6,5,10,-1,4,-23
4735,5,2,1,-2,2,10,9,48
4749,-7,-3,5,26,23,30,-3,-24
4749,-6,-8,-8,-5,43,98,18,3
4750,13,38,11,10,-27,-78,-6,-7
4750,-3,-10,3,-9,-45,-26,-17,-11
4772,3,2,0,0,13,-20,-9,-1
4772,-9,-1,1,2,-13,-13,5,-14
4773,-5,-15,-11,-26,16,49,1,7
4773,-2,-1,-11,-7,33,28,18,-19
4786,4,14,11,-3,-14,12,-4,-10
4786,3,0,2,30,-17,-56,-10,17
4794,-8,-30,2,39,18,-13,-7,-19
4794,9,9,-16,-76,-47,2,-1,-25
4810,-8,-18,6,22,21,10,4,-12
4810,2,3,-6,6,20,7,5,8
4811,-2,-6,-3,-2,-46,-38,-14,-8
4811,-6,-11,-2,5,-5,-4,-9,-5
4831,-2,16,-6,-13,16,21,10,-37
4831,1,3,11,22,28,23,5,0
4834,4,2,-4,-4,24,39,2,43
4834,-4,-1,2,-9,-39,-59,-13,0
4845,-2,-7,-10,-19,-58,-52,-23,-28
4845,-13,-9,2,6,5,-2,1,-40
4854,9,8,-1,4,57,68,24,40
4854,9,11,9,39,44,52,16,-14
4868,-7,-14,-9,-57,-44,-37,-19,-17
4868,-2,1,-7,-21,-46,-37,-27,-30
4875,-7,-16,-6,-22,-19,-33,-3,-10
4875,0,-9,1,24,52,75,17,13
4891,2,12,5,9,8,-28,-1,-49
4891,5,6,-1,-28,-21,-16,-6,66
4894,-6,2,-7,-9,-20,-3,-1,-7
4894,2,-6,9,19,26,21,3,-17
4905,-2,0,0,22,9,9,7,2
4905,-6,-8,0,-12,-5,-12,-24,-17
4915,0,0,-4,-3,2,-17,0,-4
4915,-7,-11,9,29,13,10,12,15
4929,14,13,-7,-55,-40,-12,2,-8
4929,-6,8,-4,6,-3,-28,-26,-59
4936,6,3,-2,-2,5,11,19,6
4936,-3,-2,-8,-12,20,0,-5,-22
4952,2,-8,0,1,-17,9,20,69
4952,-2,7,-9,-15,-42,-47,-19,-38
4953,-1,0,5,19,48,65,4,-2
4953,-2,3,9,5,-9,-45,1,4
4966,-1,7,1,29,27,-29,-7,8
4966,0,-11,-2,-21,-66,-19,-10,-37
4981,5,-3,-3,-2,6,-14,5,25
4981,4,9,-2,-5,5,12,9,9
4989,-4,-7,5,16,62,46,17,-2
4989,-1,0,1,-13,-41,-42,-7,-4
4996,1,13,-8,-11,-26,-47,-22,-25
4996,-6,2,-3,-8,-23,-22,-3,-36
5012,0,-10,-1,2,33,61,7,7
5012,6,7,12,83,109,102,44,41
5013,-5,7,3,-30,-60,-58,-27,-40
5013,7,3,-15,-48,-46,-28,-9,1
5025,-9,-10,-7,5,-21,-24,-15,-7
5025,-3,-9,4,17,38,34,19,15
5035,4,-3,12,29,30,61,10,-5
5035,4,0,3,17,48,45,24,54
5049,-11,-9,-7,-23,-114,-113,-42,-8
5049,-2,-7,-12,-45,-65,-31,-27,-47
5055,-4,-14,-11,1,52,45,19,57
5055,5,12,0,1,10,22,5,-6
5072,8,6,10,37,54,49,21,88
5072,6,3,5,-9,7,6,12,48
5074,-6,-6,-6,-12,-28,-51,-20,-17
5074,-5,-15,-8,-33,-25,-36,-13,-23
5095,-1,-1,9,29,32,73,12,-48
5095,1,3,1,26,38,-21,17,64
5097,4,8,6,-13,-36,-12,-9,-2
5097,-15,-13,-16,-42,-97,-128,-42,25
5109,0,-12,-10,7,9,33,14,-27
5109,4,11,-4,-11,43,67,20,0
5115,6,-5,15,48,113,127,41,13
5115,4,17,6,3,-35,-88,-12,-15
5132,-14,-10,-20,-53,-116,-128,-77,-41
5132,-5,-14,-6,0,63,52,37,43
5133,5,9,12,24,13,11,8,-19
5133,3,9,3,26,48,85,11,-17
5154,8,9,3,13,-4,-23,2,-5
5154,-7,-6,-16,-27,-38,-25,-20,-13
5155,-7,-7,-5,-8,-25,-35,-13,-35
5155,-4,-5,7,19,22,55,20,-7
5169,14,13,11,37,67,34,33,77
5169,-8,-3,-14,-81,-93,-90,-49,-77
5176,-8,-22,-12,-35,-24,-63,-22,58
5176,3,6,5,28,17,6,8,-12
5192,-8,-10,-1,9,64,90,17,-27
5192,8,8,5,12,-17,-8,-1,0
5193,-1,4,-7,-1,-65,-80,-16,0
5193,-9,-21,-8,-5,61,68,6,-6
5215,-4,20,0,-15,-26,-57,0,-18
5215,8,9,4,8,-11,-24,-29,58
5216,-10,1,-7,-17,-12,-1,-4,-80
5216,-3,-5,-1,19,9,16,6,-16
5229,0,-16,11,26,44,51,16,16
5229,10,23,5,41,12,16,6,-15
5236,-10,-5,2,-5,-14,-40,-12,-4
5236,2,4,-5,-7,-46,-28,-17,17
5251,1,-5,-4,-1,7,5,-1,-47
5251,-11,-9,0,8,31,31,6,-55
5259,16,12,7,24,30,16,33,94
5259,2,-8,-6,-33,-40,5,-30,-19
5275,3,17,7,-10,-60,-79,-6,-31
5275,-9,-20,-6,11,29,35,-2,-3
5276,0,3,1,18,46,64,26,5
5276,0,4,-4,-13,-9,-14,-5,-37
5288,5,23,3,-31,-43,-46,-14,53
5288,3,-3,-2,-1,0,-5,-4,43
5296,0,-9,-2,15,23,38,3,-11
5296,-5,-13,7,17,6,0,8,4
5312,-14,13,-7,1,9,13,-19,-82
5312,1,-5,-4,-17,0,-14,5,-30
5314,-10,-8,-5,-25,-30,-8,-17,-41
5314,7,-4,-3,34,20,-7,6,22
5334,9,9,4,-42,0,11,-1,5
5334,-10,-9,0,10,-27,-26,-8,-10
5336,-5,-5,-5,-13,-11,-9,-2,43
5336,-6,-10,-6,-15,22,-7,10,-4
5348,12,9,0,18,-15,4,-6,21
5348,-5,4,0,-2,35,23,-4,-13
5356,3,-1,4,-9,-64,-85,-10,32
5356,-17,-3,-10,-7,-15,-16,-13,-21
5372,6,-16,1,10,37,58,31,75
5372,2,2,-2,5,11,20,4,-13
5374,2,6,-4,-12,14,26,-1,-23
5374,-5,2,0,-7,-9,-14,-12,-4
5395,-2,-16,-15,-22,-15,12,-5,4
5395,-4,0,3,3,-22,-33,0,-55
5396,1,-3,2,6,11,23,-12,-48
5396,6,20,6,2,-8,-15,-3,-20
5417,-6,-16,-10,3,17,24,13,6
5417,-7,-19,3,4,47,68,20,19
5418,16,34,0,12,-42,-83,-5,21
5418,1,-8,3,-15,-77,-69,-36,3
5432,-10,-17,-8,8,26,4,10,-16
5432,-3,4,6,21,48,66,18,36
5433,-10,-10,-4,2,16,13,-6,-24
5433,6,3,1,-13,-22,-7,8,-5
5454,4,4,-6,-39,-34,-31,-17,-46
5454,-4,-1,5,19,1,6,11,95
5455,8,4,4,16,60,84,14,-10
5455,-4,-4,-1,7,-6,-11,3,6
5468,-7,-7,-6,-20,-54,-100,-39,-35
5468,-8,-8,-10,-35,-43,-34,-12,-65
5476,4,1,2,16,28,35,10,79
5476,0,8,7,14,73,99,32,-1
5492,4,7,3,22,5,-53,6,23
5492,-2,-8,-11,-11,-86,-94,-55,-6
5492,-13,-22,1,-13,-27,-27,-1,-28
5492,10,0,-9,-23,17,32,10,33
5513,3,14,16,46,63,66,24,2
5513,3,4,-1,-16,-14,-24,-8,0
5514,-5,-6,-10,-27,-47,-22,-21,-38
5514,-11,-7,-13,-20,2,-21,-5,-5
5528,4,0,5,20,17,43,19,28
5528,10,8,2,-5,5,3,5,-32
5536,-2,1,1,5,3,1,-3,-19
5536,-7,-17,-7,-2,26,55,0,61
5551,-5,-1,5,10,-45,-75,0,-51
5551,-5,-9,-10,-21,-21,-23,-7,8
5552,19,30,7,-7,4,35,9,-24
5552,-3,-2,8,47,86,56,15,-29
5573,-6,-3,-6,-40,-92,-74,-17,15
5573,-9,-12,-7,-10,23,-8,-12,0
5574,7,-5,-2,-8,15,2,12,13
5574,-3,5,2,7,-6,7,1,9
5589,8,3,1,8,40,45,4,15
5589,-10,-10,5,6,13,10,-1,-74
5596,12,32,1,9,-22,-19,-19,2
5596,5,-1,-2,-7,-45,-64,5,42
5611,-17,-14,-12,-9,10,16,-15,-18
5611,7,1,12,45,70,55,25,36
5612,4,-3,-2,-30,-50,-39,-1,-3
5612,4,-1,-1,-6,-31,-56,-25,-22
5634,-6,-5,0,5,15,54,5,-29
5634,4,11,1,34,47,68,34,84
5634,-11,-12,-3,-12,1,-20,-12,5
5634,6,6,-3,-18,-48,-80,-20,-19
5648,-1,-4,-6,-23,-10,24,5,5
5648,2,6,4,28,56,59,21,-5
5656,-9,-13,-4,-9,-24,-23,-10,-30
5656,6,6,-1,-12,-49,-46,-8,69
5671,-12,-13,-4,9,61,56,10,12
5671,6,11,0,-21,-22,-65,3,-89
5672,5,4,1,7,-49,-42,-39,10
5672,1,3,0,-7,14,4,11,-86
5694,5,-1,1,21,18,26,16,22
5694,-2,10,-5,-29,-12,0,-6,-6
5694,-12,-36,-1,35,91,112,24,18
5694,2,21,8,6,-46,-103,-7,-24
5708,-12,1,-11,-55,-100,-88,-58,-63
5708,11,-1,2,-9,-5,1,21,84
5716,-1,0,-1,18,66,68,24,-16
5716,-13,-15,6,35,46,30,5,22
5740,6,7,-3,-24,-40,-34,-10,-36
5740,-5,-6,-2,-11,-27,-48,-16,-8
5740,-11,-13,-9,-7,-23,-8,2,-18
5740,7,1,-1,14,81,114,22,34
5753,0,9,3,3,-32,-60,-9,15
5753,-4,-9,0,21,14,39,-4,-33
5754,1,3,0,-8,-30,-74,-15,30
5754,-4,-9,-12,-40,-31,-8,-12,-66
5769,3,-2,-3,4,31,31,13,26
5769,0,-2,11,21,42,56,14,0
5776,-3,10,4,3,23,26,15,-11
5776,-8,-10,-13,-12,-94,-104,-37,-13
5792,16,8,8,-14,7,9,4,62
5792,-9,-14,-4,3,0,-4,5,8
5792,9,7,0,18,39,27,2,-9
5792,-3,-14,3,0,22,56,5,-12
5814,-3,0,-8,0,-15,-38,4,47
5814,3,10,-1,-2,-33,-28,-19,-26
5814,-6,-5,-1,-8,11,29,7,-12
5814,2,-2,-1,0,-13,-15,4,11
5828,-7,-10,-5,-4,3,-4,-11,-40
5828,4,-2,-3,-5,17,11,3,94
5836,-5,-3,-2,-13,-33,-17,-1,-13
5836,13,22,-2,-10,22,24,14,59
5851,1,-7,8,20,17,16,-1,-29
5851,-4,-3,-5,-18,-62,-82,-30,4
5852,-10,-8,-5,-1,6,-28,-18,-18
5852,-5,-4,3,2,16,44,15,8
5874,-7,-4,-6,10,23,26,15,6
5874,3,2,3,7,24,36,3,-6
5874,-5,3,5,26,-11,-28,-10,-44
5874,14,-4,-2,-35,-40,-36,1,91
5888,-6,0,-5,-1,9,14,2,-22
5888,-3,-7,-2,-9,-12,-2,2,-10
5897,-2,7,7,18,30,46,9,6
5897,-6,2,-5,-7,-11,-29,-7,-52
5911,-6,-17,-4,0,-4,-14,-13,-13
5911,0,1,-3,-2,-18,-4,-1,4
5912,13,-1,2,-24,-5,-4,12,-11
5912,-3,7,1,24,18,50,2,-11
5934,4,5,1,-12,2,-29,6,6
5934,-6,-5,-6,11,10,0,-12,-42
5934,-6,2,-7,-37,-54,-22,-11,3
5934,-3,-14,7,26,29,13,-5,-36
5948,0,5,2,9,8,10,14,65
5948,2,4,4,7,5,8,1,-19
5956,8,3,-7,-9,-19,-40,-2,23
5956,-5,-1,-11,-21,-16,-8,-4,-7
5971,4,-1,10,7,19,11,-1,38
5971,6,0,1,2,1,1,10,47
5972,0,-4,1,-2,34,51,7,14
5972,-6,0,1,-2,-27,-32,-14,-37
5994,-2,-2,-4,-3,-30,-26,-3,-18
5994,-6,-1,-2,8,11,6,0,-12
5995,-2,-6,3,-5,-2,-6,-3,-6
5995,2,7,0,8,24,25,10,37
6017,-1,6,4,10,10,20,2,-15
6017,-1,2,1,7,-7,-9,-2,3
6018,-5,-3,-3,-9,12,9,0,-5
6018,3,-2,-7,-23,-20,-38,-8,-16
6032,-2,-2,-2,-20,-33,-3,-5,-2
6032,-4,-5,-4,-3,3,-9,-3,-24
6032,1,-2,-6,5,13,9,-7,-14
6032,3,-5,2,18,31,34,18,77
6053,0,15,0,6,-10,-16,-3,-25
6053,-2,-2,3,-9,-24,-26,-17,-23
6055,-3,13,8,55,18,-9,-1,3
6055,-4,-22,-4,-31,-11,4,-2,-25
6076,8,5,1,-8,18,41,12,0
6076,-3,0,-2,-9,5,-4,2,7
6077,-1,-6,4,-20,-34,-22,-6,1
6077,-7,1,8,26,-19,-35,-19,-26
6091,-12,-16,-8,13,23,6,1,-49
6091,10,5,4,9,19,20,5,-9
6092,10,-1,-3,0,7,17,3,18
6092,-8,4,-2,-12,-8,19,3,-28
6113,-9,-8,-2,-21,-13,-17,-5,-15
6113,-5,1,0,4,-15,-26,-8,-8
6115,-3,-25,-6,1,0,-5,-4,9
6115,9,-1,1,-1,11,8,0,0
6136,-1,0,-5,0,20,20,1,-11
6136,7,10,0,0,-3,2,3,-17
6137,-3,0,-7,0,8,19,1,-7
6137,2,3,-3,-4,-35,-76,-14,-23
6151,0,-11,-6,-31,-34,-8,-16,17
6151,-9,-2,-3,-20,-2,1,0,-25
6151,-2,0,3,44,17,15,4,-18
6151,-1,4,-1,-1,39,56,13,36
6174,6,9,-6,6,-8,-25,-9,0
6174,-8,-9,-1,-11,-33,-43,-18,-11
6174,-5,-3,-1,-2,-1,-15,6,2
6174,8,5,0,-10,-10,7,0,24
6197,-3,-7,-1,-1,11,15,5,15
6197,2,3,-2,-3,14,33,6,12
6197,2,7,0,6,5,-2,-2,-5
6197,-13,-7,-11,-5,-16,-19,-2,-41
6212,0,-12,6,-1,-23,-45,-26,-4
6212,-6,2,-17,-58,-25,0,2,15
6212,17,10,4,13,17,4,2,-10
6212,-2,1,3,6,27,53,11,-13
6234,-3,0,4,23,7,-6,13,15
6234,-12,-9,-9,-12,-52,-52,-24,-4
6235,16,-2,-2,-19,-9,-19,0,40
6235,-5,1,-1,1,30,45,3,-5
6256,2,4,-4,-10,10,35,6,-8
6256,-3,-4,1,14,11,-29,3,38
6256,-5,-1,-5,2,-33,-16,-3,-10
6256,-2,-3,-1,-7,-31,-19,-6,12
6272,0,-1,3,10,26,14,11,-4
6272,0,0,10,27,30,33,6,-22
6272,-14,-4,-6,-36,-2,6,-4,-6
6272,-5,-1,-7,24,-7,-10,-4,-11
6294,-11,-3,-4,-40,-21,-18,4,-6
6294,29,6,-6,5,0,-14,-8,57
6294,-8,3,0,-8,-6,0,-9,-45
6294,4,-8,1,3,-5,-29,2,31
6316,-11,12,-2,11,60,97,20,9
6316,3,1,9,2,-27,-22,7,-35
6317,-24,-6,-5,8,-47,-63,-38,-64
6317,4,-8,-10,-38,2,-7,0,-21
6332,10,-1,-1,16,8,3,0,53
6332,-1,3,-3,-7,24,42,11,-31
6333,0,9,6,2,22,27,10,56
6333,-8,0,12,22,-21,-6,1,35
6354,-7,-8,1,44,6,-38,-14,-47
6354,1,-2,-4,6,4,7,-6,-14
6354,-6,9,2,-11,1,-18,-14,-28
6354,17,6,1,-23,2,26,5,27
6376,13,-3,1,27,13,-29,13,8
6376,-2,8,4,-22,-26,10,-1,49
6377,-9,-13,-10,-8,-9,4,-8,-42
6377,6,-2,-3,23,18,-14,3,48
6392,0,-14,-7,-18,1,5,1,46
6392,10,27,2,-24,-16,-1,0,-38
6392,3,3,6,30,42,36,9,-13
6392,-1,4,5,-4,-19,-15,16,26
6414,-4,-2,-8,-23,-30,-56,-22,-34
6414,-15,-20,-9,23,5,10,-5,-8
6415,5,1,0,-31,-18,-8,-3,19
6415,-10,-2,-16,0,26,15,0,-36
6436,-2,3,18,-13,-17,-1,-1,-10
6436,-15,-8,-2,1,10,-2,-8,-69
6437,27,-4,-2,-6,-18,9,14,29
6437,-12,6,-4,-9,0,-13,-19,-73
6452,9,10,0,10,15,13,9,22
6452,3,4,13,14,33,50,7,-13
6452,-13,-14,-8,-18,-49,-71,-12,10
6452,-3,-1,3,1,-2,25,-5,-27
6473,3,-2,-6,-1,-1,-10,2,-11
6473,-11,-4,-3,1,2,19,-1,-23
6475,5,-1,-2,3,38,8,14,72
6475,5,-1,1,6,-27,-25,-7,41
6505,-13,-2,-6,-3,-4,36,-5,-25
6505,-5,-22,-2,-23,-26,-66,-6,9
6506,9,17,5,23,0,13,-11,-20
6506,-27,-9,-2,13,22,11,-9,-54
6511,29,15,8,21,24,13,18,40
6511,21,0,-1,9,-1,-21,15,110
6513,0,-1,-8,-17,-11,-1,-5,-25
6513,-4,1,3,2,-18,-14,-15,-39
6534,-19,-16,-7,-26,5,10,5,-9
6534,4,9,-1,13,27,17,7,2
6534,-2,3,1,-3,-28,-10,-13,-29
6534,4,-6,-4,5,18,8,-2,16
6557,-6,4,-3,-22,-14,-17,-7,-11
6557,1,-10,-7,-34,-36,-42,1,31
6557,-1,0,2,2,37,26,10,77
6557,10,19,12,15,11,39,4,-63
6580,0,0,3,8,-29,-82,-2,11
6580,-6,2,-4,23,15,11,-2,6
6580,-8,-24,-11,-33,-23,-3,-13,-28
6580,-4,1,3,3,12,2,2,-10
6594,-8,-4,-3,31,9,11,-7,-45
6594,2,5,-2,-17,-12,15,20,71
6594,1,-11,0,-9,-5,8,2,8
6594,6,3,-2,25,39,18,3,-21
6616,-3,2,-4,-27,-43,-43,-10,-20
6616,-14,-17,-6,9,-25,-34,-27,-34
6617,-2,2,-2,-5,6,29,8,-21
6617,5,-2,2,3,12,-32,1,15
6630,1,1,0,-5,6,37,10,18
6630,1,-2,-7,-7,5,31,-1,-7
6639,6,8,9,16,7,-33,-7,3
6639,-2,-8,0,-6,-14,31,-5,-72
6661,9,5,0,11,15,-27,19,92
6661,6,3,4,-5,18,-4,-10,-54
6663,0,2,-2,2,-34,-14,6,-31
6663,2,-16,-12,-29,-26,-8,1,19
6685,-11,6,7,11,27,52,-1,-6
6685,-2,8,3,-11,-2,-13,-10,-18
6686,29,17,3,19,20,9,28,69
6686,-10,-18,-6,0,-43,-36,-27,-85
6691,-1,0,-4,-6,5,8,-3,-33
6691,-5,5,16,39,36,49,10,0
6707,-7,0,6,52,31,10,2,-18
6707,-3,-2,-9,-52,-61,-32,1,40
6714,-5,-5,-9,-5,0,-12,-17,-20
6714,-8,-9,-8,-3,3,-1,-1,-28
6715,-16,-16,-2,-25,1,32,-5,-20
6715,25,10,12,25,52,78,22,115
6736,-14,3,-6,-1,-48,-86,-13,-73
6736,5,5,-5,-24,-40,-34,-16,21
6737,-9,-9,-10,-22,-4,-11,-15,-88
6737,-3,0,5,27,31,27,5,3
6750,5,-1,4,-1,12,37,8,-4
6750,-2,-4,5,19,18,18,8,-20
6759,10,17,-2,-10,1,-8,-3,-3
6759,-6,-2,-3,-13,-21,-30,-8,28
6774,-1,-3,4,19,11,8,-2,24
6774,5,0,-5,-24,0,8,6,-49
6775,-10,-9,-4,-20,-18,-6,-9,8
6775,-4,2,2,-2,3,-27,-2,-19
6796,2,-5,-2,-6,-3,15,2,1
